match_id,season_id,balls_per_over,city,match_date,event_name,match_number,gender,match_type,format,overs,season,team_type,venue,toss_winner,team1,team2,toss_decision,match_winner,win_by_runs,win_by_wickets,result,player_of_match,team1_id,team2_id,toss_winner_id,match_winner_id,player_of_match_id
335982,2008,6,Bangalore,2008-04-18,Indian Premier League,1.0,male,T20,T20,20,2008,club,M Chinnaswamy Stadium,Royal Challengers Bangalore,Royal Challengers Bangalore,Kolkata Knight Riders,field,Kolkata Knight Riders,140.0,,win,BB McCullum,1,6,1,6,46.0
1082591,2017,6,Hyderabad,2017-04-05,Indian Premier League,1.0,male,T20,T20,20,2017,club,"Rajiv Gandhi International Stadium, Uppal",Royal Challengers Bangalore,Sunrisers Hyderabad,Royal Challengers Bangalore,field,Sunrisers Hyderabad,35.0,,win,Yuvraj Singh,2,1,1,2,15.0
1082592,2017,6,Pune,2017-04-06,Indian Premier League,2.0,male,T20,T20,20,2017,club,Maharashtra Cricket Association Stadium,Rising Pune Supergiant,Rising Pune Supergiant,Mumbai Indians,field,Rising Pune Supergiant,,7.0,win,SPD Smith,4,3,4,4,36.0
1082593,2017,6,Rajkot,2017-04-07,Indian Premier League,3.0,male,T20,T20,20,2017,club,Saurashtra Cricket Association Stadium,Kolkata Knight Riders,Gujarat Lions,Kolkata Knight Riders,field,Kolkata Knight Riders,,10.0,win,CA Lynn,5,6,6,6,57.0
1082594,2017,6,Indore,2017-04-08,Indian Premier League,4.0,male,T20,T20,20,2017,club,Holkar Cricket Stadium,Punjab Kings,Punjab Kings,Rising Pune Supergiant,field,Punjab Kings,,6.0,win,GJ Maxwell,494,4,494,494,71.0
1082595,2017,6,Bengaluru,2017-04-08,Indian Premier League,5.0,male,T20,T20,20,2017,club,M.Chinnaswamy Stadium,Royal Challengers Bangalore,Royal Challengers Bangalore,Delhi Capitals,bat,Royal Challengers Bangalore,15.0,,win,KM Jadhav,1,252,1,1,4.0
1082596,2017,6,Hyderabad,2017-04-09,Indian Premier League,6.0,male,T20,T20,20,2017,club,"Rajiv Gandhi International Stadium, Uppal",Sunrisers Hyderabad,Sunrisers Hyderabad,Gujarat Lions,field,Sunrisers Hyderabad,,9.0,win,Rashid Khan,2,5,2,2,22.0
1082597,2017,6,Mumbai,2017-04-09,Indian Premier League,7.0,male,T20,T20,20,2017,club,Wankhede Stadium,Mumbai Indians,Mumbai Indians,Kolkata Knight Riders,field,Mumbai Indians,,4.0,win,N Rana,3,6,3,3,26.0
1082598,2017,6,Indore,2017-04-10,Indian Premier League,8.0,male,T20,T20,20,2017,club,Holkar Cricket Stadium,Royal Challengers Bangalore,Punjab Kings,Royal Challengers Bangalore,bat,Punjab Kings,,8.0,win,AR Patel,494,1,1,494,70.0
1082599,2017,6,Pune,2017-04-11,Indian Premier League,9.0,male,T20,T20,20,2017,club,Maharashtra Cricket Association Stadium,Rising Pune Supergiant,Rising Pune Supergiant,Delhi Capitals,field,Delhi Capitals,97.0,,win,SV Samson,4,252,4,252,180.0
1082600,2017,6,Mumbai,2017-04-12,Indian Premier League,10.0,male,T20,T20,20,2017,club,Wankhede Stadium,Mumbai Indians,Mumbai Indians,Sunrisers Hyderabad,field,Mumbai Indians,,4.0,win,JJ Bumrah,3,2,3,3,33.0
1082601,2017,6,Kolkata,2017-04-13,Indian Premier League,11.0,male,T20,T20,20,2017,club,Eden Gardens,Kolkata Knight Riders,Kolkata Knight Riders,Punjab Kings,field,Kolkata Knight Riders,,8.0,win,SP Narine,6,494,6,6,65.0
1082602,2017,6,Bangalore,2017-04-14,Indian Premier League,12.0,male,T20,T20,20,2017,club,M Chinnaswamy Stadium,Mumbai Indians,Royal Challengers Bangalore,Mumbai Indians,field,Mumbai Indians,,4.0,win,KA Pollard,1,3,3,3,29.0
1082603,2017,6,Rajkot,2017-04-14,Indian Premier League,13.0,male,T20,T20,20,2017,club,Saurashtra Cricket Association Stadium,Gujarat Lions,Gujarat Lions,Rising Pune Supergiant,field,Gujarat Lions,,7.0,win,AJ Tye,5,4,5,5,351.0
1082604,2017,6,Kolkata,2017-04-15,Indian Premier League,14.0,male,T20,T20,20,2017,club,Eden Gardens,Sunrisers Hyderabad,Kolkata Knight Riders,Sunrisers Hyderabad,field,Kolkata Knight Riders,17.0,,win,RV Uthappa,6,2,2,6,58.0
1082605,2017,6,Delhi,2017-04-15,Indian Premier League,15.0,male,T20,T20,20,2017,club,Feroz Shah Kotla,Delhi Capitals,Delhi Capitals,Punjab Kings,bat,Delhi Capitals,51.0,,win,CJ Anderson,252,494,252,252,258.0
1082606,2017,6,Mumbai,2017-04-16,Indian Premier League,16.0,male,T20,T20,20,2017,club,Wankhede Stadium,Mumbai Indians,Mumbai Indians,Gujarat Lions,field,Mumbai Indians,,6.0,win,N Rana,3,5,3,3,26.0
1082607,2017,6,Bangalore,2017-04-16,Indian Premier League,17.0,male,T20,T20,20,2017,club,M Chinnaswamy Stadium,Royal Challengers Bangalore,Royal Challengers Bangalore,Rising Pune Supergiant,field,Rising Pune Supergiant,27.0,,win,BA Stokes,1,4,1,4,37.0
1082608,2017,6,Delhi,2017-04-17,Indian Premier League,18.0,male,T20,T20,20,2017,club,Feroz Shah Kotla,Delhi Capitals,Delhi Capitals,Kolkata Knight Riders,bat,Kolkata Knight Riders,,4.0,win,NM Coulter-Nile,252,6,252,6,471.0
1082609,2017,6,Hyderabad,2017-04-17,Indian Premier League,19.0,male,T20,T20,20,2017,club,"Rajiv Gandhi International Stadium, Uppal",Punjab Kings,Sunrisers Hyderabad,Punjab Kings,field,Sunrisers Hyderabad,5.0,,win,B Kumar,2,494,494,2,20.0
1082610,2017,6,Rajkot,2017-04-18,Indian Premier League,20.0,male,T20,T20,20,2017,club,Saurashtra Cricket Association Stadium,Gujarat Lions,Gujarat Lions,Royal Challengers Bangalore,field,Royal Challengers Bangalore,21.0,,win,CH Gayle,5,1,5,1,1.0
1082611,2017,6,Hyderabad,2017-04-19,Indian Premier League,21.0,male,T20,T20,20,2017,club,"Rajiv Gandhi International Stadium, Uppal",Sunrisers Hyderabad,Sunrisers Hyderabad,Delhi Capitals,bat,Sunrisers Hyderabad,15.0,,win,KS Williamson,2,252,2,2,531.0
1082612,2017,6,Indore,2017-04-20,Indian Premier League,22.0,male,T20,T20,20,2017,club,Holkar Cricket Stadium,Mumbai Indians,Punjab Kings,Mumbai Indians,field,Mumbai Indians,,8.0,win,JC Buttler,494,3,3,3,24.0
1082613,2017,6,Kolkata,2017-04-21,Indian Premier League,23.0,male,T20,T20,20,2017,club,Eden Gardens,Gujarat Lions,Kolkata Knight Riders,Gujarat Lions,field,Gujarat Lions,,4.0,win,SK Raina,6,5,5,5,47.0
1082614,2017,6,Mumbai,2017-04-22,Indian Premier League,25.0,male,T20,T20,20,2017,club,Wankhede Stadium,Delhi Capitals,Mumbai Indians,Delhi Capitals,field,Mumbai Indians,14.0,,win,MJ McClenaghan,3,252,252,3,32.0
1082615,2017,6,Pune,2017-04-22,Indian Premier League,24.0,male,T20,T20,20,2017,club,Maharashtra Cricket Association Stadium,Rising Pune Supergiant,Rising Pune Supergiant,Sunrisers Hyderabad,field,Rising Pune Supergiant,,6.0,win,MS Dhoni,4,2,4,4,38.0
1082616,2017,6,Rajkot,2017-04-23,Indian Premier League,26.0,male,T20,T20,20,2017,club,Saurashtra Cricket Association Stadium,Gujarat Lions,Gujarat Lions,Punjab Kings,field,Punjab Kings,26.0,,win,HM Amla,5,494,5,494,67.0
1082617,2017,6,Kolkata,2017-04-23,Indian Premier League,27.0,male,T20,T20,20,2017,club,Eden Gardens,Royal Challengers Bangalore,Kolkata Knight Riders,Royal Challengers Bangalore,field,Kolkata Knight Riders,82.0,,win,NM Coulter-Nile,6,1,1,6,471.0
1082618,2017,6,Mumbai,2017-04-24,Indian Premier League,28.0,male,T20,T20,20,2017,club,Wankhede Stadium,Mumbai Indians,Mumbai Indians,Rising Pune Supergiant,field,Rising Pune Supergiant,3.0,,win,BA Stokes,3,4,3,4,37.0
1082620,2017,6,Pune,2017-04-26,Indian Premier League,30.0,male,T20,T20,20,2017,club,Maharashtra Cricket Association Stadium,Kolkata Knight Riders,Rising Pune Supergiant,Kolkata Knight Riders,field,Kolkata Knight Riders,,7.0,win,RV Uthappa,4,6,6,6,58.0
1082621,2017,6,Bangalore,2017-04-27,Indian Premier League,31.0,male,T20,T20,20,2017,club,M Chinnaswamy Stadium,Gujarat Lions,Royal Challengers Bangalore,Gujarat Lions,field,Gujarat Lions,,7.0,win,AJ Tye,1,5,5,5,351.0
1082622,2017,6,Kolkata,2017-04-28,Indian Premier League,32.0,male,T20,T20,20,2017,club,Eden Gardens,Kolkata Knight Riders,Kolkata Knight Riders,Delhi Capitals,field,Kolkata Knight Riders,,7.0,win,G Gambhir,6,252,6,6,56.0
1082623,2017,6,Chandigarh,2017-04-28,Indian Premier League,33.0,male,T20,T20,20,2017,club,"Punjab Cricket Association IS Bindra Stadium, Mohali",Punjab Kings,Punjab Kings,Sunrisers Hyderabad,field,Sunrisers Hyderabad,26.0,,win,Rashid Khan,494,2,494,2,22.0
1082624,2017,6,Pune,2017-04-29,Indian Premier League,34.0,male,T20,T20,20,2017,club,Maharashtra Cricket Association Stadium,Royal Challengers Bangalore,Rising Pune Supergiant,Royal Challengers Bangalore,field,Rising Pune Supergiant,61.0,,win,LH Ferguson,4,1,1,4,361.0
1082625,2017,6,Rajkot,2017-04-29,Indian Premier League,35.0,male,T20,T20,20,2017,club,Saurashtra Cricket Association Stadium,Gujarat Lions,Gujarat Lions,Mumbai Indians,bat,Mumbai Indians,,,tie,KH Pandya,5,3,5,3,28.0
1082626,2017,6,Chandigarh,2017-04-30,Indian Premier League,36.0,male,T20,T20,20,2017,club,"Punjab Cricket Association IS Bindra Stadium, Mohali",Punjab Kings,Punjab Kings,Delhi Capitals,field,Punjab Kings,,10.0,win,Sandeep Sharma,494,252,494,494,76.0
1082627,2017,6,Hyderabad,2017-04-30,Indian Premier League,37.0,male,T20,T20,20,2017,club,"Rajiv Gandhi International Stadium, Uppal",Kolkata Knight Riders,Sunrisers Hyderabad,Kolkata Knight Riders,field,Sunrisers Hyderabad,48.0,,win,DA Warner,2,6,6,2,12.0
1082628,2017,6,Mumbai,2017-05-01,Indian Premier League,38.0,male,T20,T20,20,2017,club,Wankhede Stadium,Royal Challengers Bangalore,Mumbai Indians,Royal Challengers Bangalore,bat,Mumbai Indians,,5.0,win,RG Sharma,3,1,1,3,25.0
1082629,2017,6,Pune,2017-05-01,Indian Premier League,39.0,male,T20,T20,20,2017,club,Maharashtra Cricket Association Stadium,Rising Pune Supergiant,Rising Pune Supergiant,Gujarat Lions,field,Rising Pune Supergiant,,5.0,win,BA Stokes,4,5,4,4,37.0
1082630,2017,6,Delhi,2017-05-02,Indian Premier League,40.0,male,T20,T20,20,2017,club,Feroz Shah Kotla,Delhi Capitals,Delhi Capitals,Sunrisers Hyderabad,field,Delhi Capitals,,6.0,win,Mohammed Shami,252,2,252,252,460.0
1082631,2017,6,Kolkata,2017-05-03,Indian Premier League,41.0,male,T20,T20,20,2017,club,Eden Gardens,Rising Pune Supergiant,Kolkata Knight Riders,Rising Pune Supergiant,field,Rising Pune Supergiant,,4.0,win,RA Tripathi,6,4,4,4,268.0
1082632,2017,6,Delhi,2017-05-04,Indian Premier League,42.0,male,T20,T20,20,2017,club,Feroz Shah Kotla,Delhi Capitals,Delhi Capitals,Gujarat Lions,field,Delhi Capitals,,7.0,win,RR Pant,252,5,252,252,181.0
1082633,2017,6,Bangalore,2017-05-05,Indian Premier League,43.0,male,T20,T20,20,2017,club,M Chinnaswamy Stadium,Royal Challengers Bangalore,Royal Challengers Bangalore,Punjab Kings,field,Punjab Kings,19.0,,win,Sandeep Sharma,1,494,1,494,76.0
1082634,2017,6,Hyderabad,2017-05-06,Indian Premier League,44.0,male,T20,T20,20,2017,club,"Rajiv Gandhi International Stadium, Uppal",Sunrisers Hyderabad,Sunrisers Hyderabad,Rising Pune Supergiant,field,Rising Pune Supergiant,12.0,,win,JD Unadkat,2,4,2,4,438.0
1082635,2017,6,Delhi,2017-05-06,Indian Premier League,45.0,male,T20,T20,20,2017,club,Feroz Shah Kotla,Delhi Capitals,Delhi Capitals,Mumbai Indians,field,Mumbai Indians,146.0,,win,LMP Simmons,252,3,252,3,1035.0
1082636,2017,6,Bangalore,2017-05-07,Indian Premier League,46.0,male,T20,T20,20,2017,club,M Chinnaswamy Stadium,Kolkata Knight Riders,Royal Challengers Bangalore,Kolkata Knight Riders,field,Kolkata Knight Riders,,6.0,win,SP Narine,1,6,6,6,65.0
1082637,2017,6,Chandigarh,2017-05-07,Indian Premier League,47.0,male,T20,T20,20,2017,club,"Punjab Cricket Association IS Bindra Stadium, Mohali",Gujarat Lions,Punjab Kings,Gujarat Lions,field,Gujarat Lions,,6.0,win,DR Smith,494,5,5,5,50.0
1082638,2017,6,Hyderabad,2017-05-08,Indian Premier League,48.0,male,T20,T20,20,2017,club,"Rajiv Gandhi International Stadium, Uppal",Mumbai Indians,Sunrisers Hyderabad,Mumbai Indians,bat,Sunrisers Hyderabad,,7.0,win,S Dhawan,2,3,3,2,13.0
1082639,2017,6,Chandigarh,2017-05-09,Indian Premier League,49.0,male,T20,T20,20,2017,club,"Punjab Cricket Association IS Bindra Stadium, Mohali",Kolkata Knight Riders,Punjab Kings,Kolkata Knight Riders,field,Punjab Kings,14.0,,win,MM Sharma,494,6,6,494,75.0
1082640,2017,6,Kanpur,2017-05-10,Indian Premier League,50.0,male,T20,T20,20,2017,club,Green Park,Delhi Capitals,Gujarat Lions,Delhi Capitals,field,Delhi Capitals,,2.0,win,SS Iyer,5,252,252,252,389.0
1082641,2017,6,Mumbai,2017-05-11,Indian Premier League,51.0,male,T20,T20,20,2017,club,Wankhede Stadium,Mumbai Indians,Mumbai Indians,Punjab Kings,field,Punjab Kings,7.0,,win,WP Saha,3,494,3,494,69.0
1082642,2017,6,Delhi,2017-05-12,Indian Premier League,52.0,male,T20,T20,20,2017,club,Feroz Shah Kotla,Delhi Capitals,Delhi Capitals,Rising Pune Supergiant,bat,Delhi Capitals,7.0,,win,KK Nair,252,4,252,252,179.0
1082643,2017,6,Kanpur,2017-05-13,Indian Premier League,53.0,male,T20,T20,20,2017,club,Green Park,Sunrisers Hyderabad,Gujarat Lions,Sunrisers Hyderabad,field,Sunrisers Hyderabad,,8.0,win,Mohammed Siraj,5,2,2,2,538.0
1082644,2017,6,Kolkata,2017-05-13,Indian Premier League,54.0,male,T20,T20,20,2017,club,Eden Gardens,Kolkata Knight Riders,Kolkata Knight Riders,Mumbai Indians,field,Mumbai Indians,9.0,,win,AT Rayudu,6,3,6,3,27.0
1082645,2017,6,Pune,2017-05-14,Indian Premier League,55.0,male,T20,T20,20,2017,club,Maharashtra Cricket Association Stadium,Rising Pune Supergiant,Rising Pune Supergiant,Punjab Kings,field,Rising Pune Supergiant,,9.0,win,JD Unadkat,4,494,4,4,438.0
1082646,2017,6,Delhi,2017-05-14,Indian Premier League,56.0,male,T20,T20,20,2017,club,Feroz Shah Kotla,Royal Challengers Bangalore,Delhi Capitals,Royal Challengers Bangalore,bat,Royal Challengers Bangalore,10.0,,win,HV Patel,252,1,1,1,1285.0
1082647,2017,6,Mumbai,2017-05-16,Indian Premier League,,male,T20,T20,20,2017,club,Wankhede Stadium,Mumbai Indians,Mumbai Indians,Rising Pune Supergiant,field,Rising Pune Supergiant,20.0,,win,Washington Sundar,3,4,3,4,613.0
1082648,2017,6,Bangalore,2017-05-17,Indian Premier League,,male,T20,T20,20,2017,club,M Chinnaswamy Stadium,Kolkata Knight Riders,Sunrisers Hyderabad,Kolkata Knight Riders,field,Kolkata Knight Riders,,7.0,win,NM Coulter-Nile,2,6,6,6,471.0
1082649,2017,6,Bangalore,2017-05-19,Indian Premier League,,male,T20,T20,20,2017,club,M Chinnaswamy Stadium,Mumbai Indians,Mumbai Indians,Kolkata Knight Riders,field,Mumbai Indians,,6.0,win,KV Sharma,3,6,3,3,676.0
1082650,2017,6,Hyderabad,2017-05-21,Indian Premier League,,male,T20,T20,20,2017,club,"Rajiv Gandhi International Stadium, Uppal",Mumbai Indians,Mumbai Indians,Rising Pune Supergiant,bat,Mumbai Indians,1.0,,win,KH Pandya,3,4,3,3,28.0
1136561,2018,6,Mumbai,2018-04-07,Indian Premier League,1.0,male,T20,T20,20,2018,club,Wankhede Stadium,Chennai Super Kings,Mumbai Indians,Chennai Super Kings,field,Chennai Super Kings,,1.0,win,DJ Bravo,3,129,129,129,1393.0
1136562,2018,6,Chandigarh,2018-04-08,Indian Premier League,2.0,male,T20,T20,20,2018,club,Punjab Cricket Association IS Bindra Stadium,Punjab Kings,Delhi Capitals,Punjab Kings,field,Punjab Kings,,6.0,win,KL Rahul,252,494,494,494,1409.0
1136563,2018,6,Kolkata,2018-04-08,Indian Premier League,3.0,male,T20,T20,20,2018,club,Eden Gardens,Kolkata Knight Riders,Royal Challengers Bangalore,Kolkata Knight Riders,field,Kolkata Knight Riders,,4.0,win,SP Narine,1,6,6,6,65.0
1136564,2018,6,Hyderabad,2018-04-09,Indian Premier League,4.0,male,T20,T20,20,2018,club,Rajiv Gandhi International Stadium,Sunrisers Hyderabad,Rajasthan Royals,Sunrisers Hyderabad,field,Sunrisers Hyderabad,,9.0,win,S Dhawan,134,2,2,2,13.0
1136565,2018,6,Chennai,2018-04-10,Indian Premier League,5.0,male,T20,T20,20,2018,club,MA Chidambaram Stadium,Chennai Super Kings,Kolkata Knight Riders,Chennai Super Kings,field,Chennai Super Kings,,5.0,win,SW Billings,6,129,129,129,178.0
1136566,2018,6,Jaipur,2018-04-11,Indian Premier League,6.0,male,T20,T20,20,2018,club,Sawai Mansingh Stadium,Delhi Capitals,Rajasthan Royals,Delhi Capitals,field,Rajasthan Royals,10.0,,win,SV Samson,134,252,252,134,180.0
1136567,2018,6,Hyderabad,2018-04-12,Indian Premier League,7.0,male,T20,T20,20,2018,club,Rajiv Gandhi International Stadium,Sunrisers Hyderabad,Mumbai Indians,Sunrisers Hyderabad,field,Sunrisers Hyderabad,,1.0,win,Rashid Khan,3,2,2,2,22.0
1136568,2018,6,Bengaluru,2018-04-13,Indian Premier League,8.0,male,T20,T20,20,2018,club,M.Chinnaswamy Stadium,Royal Challengers Bangalore,Punjab Kings,Royal Challengers Bangalore,field,Royal Challengers Bangalore,,4.0,win,UT Yadav,494,1,1,1,318.0
1136569,2018,6,Mumbai,2018-04-14,Indian Premier League,9.0,male,T20,T20,20,2018,club,Wankhede Stadium,Delhi Capitals,Mumbai Indians,Delhi Capitals,field,Delhi Capitals,,7.0,win,JJ Roy,3,252,252,252,45.0
1136570,2018,6,Kolkata,2018-04-14,Indian Premier League,10.0,male,T20,T20,20,2018,club,Eden Gardens,Sunrisers Hyderabad,Kolkata Knight Riders,Sunrisers Hyderabad,field,Sunrisers Hyderabad,,5.0,win,B Stanlake,6,2,2,2,176.0
1136571,2018,6,Bengaluru,2018-04-15,Indian Premier League,11.0,male,T20,T20,20,2018,club,M.Chinnaswamy Stadium,Royal Challengers Bangalore,Rajasthan Royals,Royal Challengers Bangalore,field,Rajasthan Royals,19.0,,win,SV Samson,134,1,1,134,180.0
1136572,2018,6,Chandigarh,2018-04-15,Indian Premier League,12.0,male,T20,T20,20,2018,club,Punjab Cricket Association IS Bindra Stadium,Chennai Super Kings,Punjab Kings,Chennai Super Kings,field,Punjab Kings,4.0,,win,CH Gayle,494,129,129,494,1.0
1136573,2018,6,Kolkata,2018-04-16,Indian Premier League,13.0,male,T20,T20,20,2018,club,Eden Gardens,Delhi Capitals,Kolkata Knight Riders,Delhi Capitals,field,Kolkata Knight Riders,71.0,,win,N Rana,6,252,252,6,26.0
1136574,2018,6,Mumbai,2018-04-17,Indian Premier League,14.0,male,T20,T20,20,2018,club,Wankhede Stadium,Royal Challengers Bangalore,Mumbai Indians,Royal Challengers Bangalore,field,Mumbai Indians,46.0,,win,RG Sharma,3,1,1,3,25.0
1136575,2018,6,Jaipur,2018-04-18,Indian Premier League,15.0,male,T20,T20,20,2018,club,Sawai Mansingh Stadium,Kolkata Knight Riders,Rajasthan Royals,Kolkata Knight Riders,field,Kolkata Knight Riders,,7.0,win,N Rana,134,6,6,6,26.0
1136576,2018,6,Chandigarh,2018-04-19,Indian Premier League,16.0,male,T20,T20,20,2018,club,Punjab Cricket Association IS Bindra Stadium,Punjab Kings,Punjab Kings,Sunrisers Hyderabad,bat,Punjab Kings,15.0,,win,CH Gayle,494,2,494,494,1.0
1136577,2018,6,Pune,2018-04-20,Indian Premier League,17.0,male,T20,T20,20,2018,club,Maharashtra Cricket Association Stadium,Rajasthan Royals,Chennai Super Kings,Rajasthan Royals,field,Chennai Super Kings,64.0,,win,SR Watson,129,134,134,129,5.0
1136578,2018,6,Kolkata,2018-04-21,Indian Premier League,18.0,male,T20,T20,20,2018,club,Eden Gardens,Punjab Kings,Kolkata Knight Riders,Punjab Kings,field,Punjab Kings,,9.0,win,KL Rahul,6,494,494,494,1409.0
1136579,2018,6,Bengaluru,2018-04-21,Indian Premier League,19.0,male,T20,T20,20,2018,club,M.Chinnaswamy Stadium,Royal Challengers Bangalore,Delhi Capitals,Royal Challengers Bangalore,field,Royal Challengers Bangalore,,6.0,win,AB de Villiers,252,1,1,1,245.0
1136580,2018,6,Hyderabad,2018-04-22,Indian Premier League,20.0,male,T20,T20,20,2018,club,Rajiv Gandhi International Stadium,Sunrisers Hyderabad,Chennai Super Kings,Sunrisers Hyderabad,field,Chennai Super Kings,4.0,,win,AT Rayudu,129,2,2,129,27.0
1136581,2018,6,Jaipur,2018-04-22,Indian Premier League,21.0,male,T20,T20,20,2018,club,Sawai Mansingh Stadium,Mumbai Indians,Mumbai Indians,Rajasthan Royals,bat,Rajasthan Royals,,3.0,win,JC Archer,3,134,3,134,1833.0
1136582,2018,6,Delhi,2018-04-23,Indian Premier League,22.0,male,T20,T20,20,2018,club,Arun Jaitley Stadium,Delhi Capitals,Punjab Kings,Delhi Capitals,field,Punjab Kings,4.0,,win,AS Rajpoot,494,252,252,494,219.0
1136583,2018,6,Mumbai,2018-04-24,Indian Premier League,23.0,male,T20,T20,20,2018,club,Wankhede Stadium,Mumbai Indians,Sunrisers Hyderabad,Mumbai Indians,field,Sunrisers Hyderabad,31.0,,win,Rashid Khan,2,3,3,2,22.0
1136584,2018,6,Bengaluru,2018-04-25,Indian Premier League,24.0,male,T20,T20,20,2018,club,M.Chinnaswamy Stadium,Chennai Super Kings,Royal Challengers Bangalore,Chennai Super Kings,field,Chennai Super Kings,,5.0,win,MS Dhoni,1,129,129,129,38.0
1136585,2018,6,Hyderabad,2018-04-26,Indian Premier League,25.0,male,T20,T20,20,2018,club,Rajiv Gandhi International Stadium,Punjab Kings,Sunrisers Hyderabad,Punjab Kings,field,Sunrisers Hyderabad,13.0,,win,AS Rajpoot,2,494,494,2,219.0
1136586,2018,6,Delhi,2018-04-27,Indian Premier League,26.0,male,T20,T20,20,2018,club,Arun Jaitley Stadium,Kolkata Knight Riders,Delhi Capitals,Kolkata Knight Riders,field,Delhi Capitals,55.0,,win,SS Iyer,252,6,6,252,389.0
1136587,2018,6,Pune,2018-04-28,Indian Premier League,27.0,male,T20,T20,20,2018,club,Maharashtra Cricket Association Stadium,Mumbai Indians,Chennai Super Kings,Mumbai Indians,field,Mumbai Indians,,8.0,win,RG Sharma,129,3,3,3,25.0
1136588,2018,6,Jaipur,2018-04-29,Indian Premier League,28.0,male,T20,T20,20,2018,club,Sawai Mansingh Stadium,Sunrisers Hyderabad,Sunrisers Hyderabad,Rajasthan Royals,bat,Sunrisers Hyderabad,11.0,,win,KS Williamson,2,134,2,2,531.0
1136589,2018,6,Bengaluru,2018-04-29,Indian Premier League,29.0,male,T20,T20,20,2018,club,M.Chinnaswamy Stadium,Kolkata Knight Riders,Royal Challengers Bangalore,Kolkata Knight Riders,field,Kolkata Knight Riders,,6.0,win,CA Lynn,1,6,6,6,57.0
1136590,2018,6,Pune,2018-04-30,Indian Premier League,30.0,male,T20,T20,20,2018,club,Maharashtra Cricket Association Stadium,Delhi Capitals,Chennai Super Kings,Delhi Capitals,field,Chennai Super Kings,13.0,,win,SR Watson,129,252,252,129,5.0
1136591,2018,6,Bengaluru,2018-05-01,Indian Premier League,31.0,male,T20,T20,20,2018,club,M.Chinnaswamy Stadium,Mumbai Indians,Royal Challengers Bangalore,Mumbai Indians,field,Royal Challengers Bangalore,14.0,,win,TG Southee,1,3,3,1,31.0
1136592,2018,6,Delhi,2018-05-02,Indian Premier League,32.0,male,T20,T20,20,2018,club,Arun Jaitley Stadium,Rajasthan Royals,Delhi Capitals,Rajasthan Royals,field,Delhi Capitals,4.0,,win,RR Pant,252,134,134,252,181.0
1136593,2018,6,Kolkata,2018-05-03,Indian Premier League,33.0,male,T20,T20,20,2018,club,Eden Gardens,Kolkata Knight Riders,Chennai Super Kings,Kolkata Knight Riders,field,Kolkata Knight Riders,,6.0,win,SP Narine,129,6,6,6,65.0
1136594,2018,6,Indore,2018-05-04,Indian Premier League,34.0,male,T20,T20,20,2018,club,Holkar Cricket Stadium,Mumbai Indians,Punjab Kings,Mumbai Indians,field,Mumbai Indians,,6.0,win,SA Yadav,494,3,3,3,61.0
1136595,2018,6,Pune,2018-05-05,Indian Premier League,35.0,male,T20,T20,20,2018,club,Maharashtra Cricket Association Stadium,Chennai Super Kings,Royal Challengers Bangalore,Chennai Super Kings,field,Chennai Super Kings,,6.0,win,RA Jadeja,1,129,129,129,348.0
1136596,2018,6,Hyderabad,2018-05-05,Indian Premier League,36.0,male,T20,T20,20,2018,club,Rajiv Gandhi International Stadium,Delhi Capitals,Delhi Capitals,Sunrisers Hyderabad,bat,Sunrisers Hyderabad,,7.0,win,Rashid Khan,252,2,252,2,22.0
1136597,2018,6,Mumbai,2018-05-06,Indian Premier League,37.0,male,T20,T20,20,2018,club,Wankhede Stadium,Kolkata Knight Riders,Mumbai Indians,Kolkata Knight Riders,field,Mumbai Indians,13.0,,win,HH Pandya,3,6,6,3,30.0
1136598,2018,6,Indore,2018-05-06,Indian Premier League,38.0,male,T20,T20,20,2018,club,Holkar Cricket Stadium,Punjab Kings,Rajasthan Royals,Punjab Kings,field,Punjab Kings,,6.0,win,Mujeeb Ur Rahman,134,494,494,494,1419.0
1136599,2018,6,Hyderabad,2018-05-07,Indian Premier League,39.0,male,T20,T20,20,2018,club,Rajiv Gandhi International Stadium,Royal Challengers Bangalore,Sunrisers Hyderabad,Royal Challengers Bangalore,field,Sunrisers Hyderabad,5.0,,win,KS Williamson,2,1,1,2,531.0
1136600,2018,6,Jaipur,2018-05-08,Indian Premier League,40.0,male,T20,T20,20,2018,club,Sawai Mansingh Stadium,Rajasthan Royals,Rajasthan Royals,Punjab Kings,bat,Rajasthan Royals,15.0,,win,JC Buttler,134,494,134,134,24.0
1136601,2018,6,Kolkata,2018-05-09,Indian Premier League,41.0,male,T20,T20,20,2018,club,Eden Gardens,Kolkata Knight Riders,Mumbai Indians,Kolkata Knight Riders,field,Mumbai Indians,102.0,,win,Ishan Kishan,3,6,6,3,347.0
1136602,2018,6,Delhi,2018-05-10,Indian Premier League,42.0,male,T20,T20,20,2018,club,Arun Jaitley Stadium,Delhi Capitals,Delhi Capitals,Sunrisers Hyderabad,bat,Sunrisers Hyderabad,,9.0,win,S Dhawan,252,2,252,2,13.0
1136603,2018,6,Jaipur,2018-05-11,Indian Premier League,43.0,male,T20,T20,20,2018,club,Sawai Mansingh Stadium,Chennai Super Kings,Chennai Super Kings,Rajasthan Royals,bat,Rajasthan Royals,,4.0,win,JC Buttler,129,134,129,134,24.0
1136604,2018,6,Indore,2018-05-12,Indian Premier League,44.0,male,T20,T20,20,2018,club,Holkar Cricket Stadium,Punjab Kings,Kolkata Knight Riders,Punjab Kings,field,Kolkata Knight Riders,31.0,,win,SP Narine,6,494,494,6,65.0
1136605,2018,6,Delhi,2018-05-12,Indian Premier League,45.0,male,T20,T20,20,2018,club,Arun Jaitley Stadium,Royal Challengers Bangalore,Delhi Capitals,Royal Challengers Bangalore,field,Royal Challengers Bangalore,,5.0,win,AB de Villiers,252,1,1,1,245.0
1136606,2018,6,Pune,2018-05-13,Indian Premier League,46.0,male,T20,T20,20,2018,club,Maharashtra Cricket Association Stadium,Chennai Super Kings,Sunrisers Hyderabad,Chennai Super Kings,field,Chennai Super Kings,,8.0,win,AT Rayudu,2,129,129,129,27.0
1136607,2018,6,Mumbai,2018-05-13,Indian Premier League,47.0,male,T20,T20,20,2018,club,Wankhede Stadium,Rajasthan Royals,Mumbai Indians,Rajasthan Royals,field,Rajasthan Royals,,7.0,win,JC Buttler,3,134,134,134,24.0
1136608,2018,6,Indore,2018-05-14,Indian Premier League,48.0,male,T20,T20,20,2018,club,Holkar Cricket Stadium,Royal Challengers Bangalore,Punjab Kings,Royal Challengers Bangalore,field,Royal Challengers Bangalore,,10.0,win,UT Yadav,494,1,1,1,318.0
1136609,2018,6,Kolkata,2018-05-15,Indian Premier League,49.0,male,T20,T20,20,2018,club,Eden Gardens,Kolkata Knight Riders,Rajasthan Royals,Kolkata Knight Riders,field,Kolkata Knight Riders,,6.0,win,Kuldeep Yadav,134,6,6,6,64.0
1136610,2018,6,Mumbai,2018-05-16,Indian Premier League,50.0,male,T20,T20,20,2018,club,Wankhede Stadium,Punjab Kings,Mumbai Indians,Punjab Kings,field,Mumbai Indians,3.0,,win,JJ Bumrah,3,494,494,3,33.0
1136611,2018,6,Bengaluru,2018-05-17,Indian Premier League,51.0,male,T20,T20,20,2018,club,M.Chinnaswamy Stadium,Sunrisers Hyderabad,Royal Challengers Bangalore,Sunrisers Hyderabad,field,Royal Challengers Bangalore,14.0,,win,AB de Villiers,1,2,2,1,245.0
1136612,2018,6,Delhi,2018-05-18,Indian Premier League,52.0,male,T20,T20,20,2018,club,Arun Jaitley Stadium,Chennai Super Kings,Delhi Capitals,Chennai Super Kings,field,Delhi Capitals,34.0,,win,HV Patel,252,129,129,252,1285.0
1136613,2018,6,Jaipur,2018-05-19,Indian Premier League,53.0,male,T20,T20,20,2018,club,Sawai Mansingh Stadium,Rajasthan Royals,Rajasthan Royals,Royal Challengers Bangalore,bat,Rajasthan Royals,30.0,,win,S Gopal,134,1,134,134,1449.0
1136614,2018,6,Hyderabad,2018-05-19,Indian Premier League,54.0,male,T20,T20,20,2018,club,Rajiv Gandhi International Stadium,Sunrisers Hyderabad,Sunrisers Hyderabad,Kolkata Knight Riders,bat,Kolkata Knight Riders,,5.0,win,CA Lynn,2,6,2,6,57.0
1136615,2018,6,Delhi,2018-05-20,Indian Premier League,55.0,male,T20,T20,20,2018,club,Arun Jaitley Stadium,Delhi Capitals,Delhi Capitals,Mumbai Indians,bat,Delhi Capitals,11.0,,win,A Mishra,252,3,252,252,185.0
1136616,2018,6,Pune,2018-05-20,Indian Premier League,56.0,male,T20,T20,20,2018,club,Maharashtra Cricket Association Stadium,Chennai Super Kings,Punjab Kings,Chennai Super Kings,field,Chennai Super Kings,,5.0,win,L Ngidi,494,129,129,129,2024.0
1136617,2018,6,Mumbai,2018-05-22,Indian Premier League,,male,T20,T20,20,2018,club,Wankhede Stadium,Chennai Super Kings,Sunrisers Hyderabad,Chennai Super Kings,field,Chennai Super Kings,,2.0,win,F du Plessis,2,129,129,129,267.0
1136618,2018,6,Kolkata,2018-05-23,Indian Premier League,,male,T20,T20,20,2018,club,Eden Gardens,Rajasthan Royals,Kolkata Knight Riders,Rajasthan Royals,field,Kolkata Knight Riders,25.0,,win,AD Russell,6,134,134,6,1437.0
1136619,2018,6,Kolkata,2018-05-25,Indian Premier League,,male,T20,T20,20,2018,club,Eden Gardens,Kolkata Knight Riders,Sunrisers Hyderabad,Kolkata Knight Riders,field,Sunrisers Hyderabad,14.0,,win,Rashid Khan,2,6,6,2,22.0
1136620,2018,6,Mumbai,2018-05-27,Indian Premier League,,male,T20,T20,20,2018,club,Wankhede Stadium,Chennai Super Kings,Sunrisers Hyderabad,Chennai Super Kings,field,Chennai Super Kings,,8.0,win,SR Watson,2,129,129,129,5.0
1175356,2019,6,Chennai,2019-03-23,Indian Premier League,1.0,male,T20,T20,20,2019,club,MA Chidambaram Stadium,Chennai Super Kings,Royal Challengers Bangalore,Chennai Super Kings,field,Chennai Super Kings,,7.0,win,Harbhajan Singh,1,129,129,129,228.0
1175357,2019,6,Kolkata,2019-03-24,Indian Premier League,2.0,male,T20,T20,20,2019,club,Eden Gardens,Kolkata Knight Riders,Sunrisers Hyderabad,Kolkata Knight Riders,field,Kolkata Knight Riders,,6.0,win,AD Russell,2,6,6,6,1437.0
1175358,2019,6,Mumbai,2019-03-24,Indian Premier League,3.0,male,T20,T20,20,2019,club,Wankhede Stadium,Mumbai Indians,Delhi Capitals,Mumbai Indians,field,Delhi Capitals,37.0,,win,RR Pant,252,3,3,252,181.0
1175359,2019,6,Jaipur,2019-03-25,Indian Premier League,4.0,male,T20,T20,20,2019,club,Sawai Mansingh Stadium,Rajasthan Royals,Punjab Kings,Rajasthan Royals,field,Punjab Kings,14.0,,win,CH Gayle,494,134,134,494,1.0
1175360,2019,6,Delhi,2019-03-26,Indian Premier League,5.0,male,T20,T20,20,2019,club,Arun Jaitley Stadium,Delhi Capitals,Delhi Capitals,Chennai Super Kings,bat,Chennai Super Kings,,6.0,win,SR Watson,252,129,252,129,5.0
1175361,2019,6,Kolkata,2019-03-27,Indian Premier League,6.0,male,T20,T20,20,2019,club,Eden Gardens,Punjab Kings,Kolkata Knight Riders,Punjab Kings,field,Kolkata Knight Riders,28.0,,win,AD Russell,6,494,494,6,1437.0
1175362,2019,6,Bengaluru,2019-03-28,Indian Premier League,7.0,male,T20,T20,20,2019,club,M.Chinnaswamy Stadium,Royal Challengers Bangalore,Mumbai Indians,Royal Challengers Bangalore,field,Mumbai Indians,6.0,,win,JJ Bumrah,3,1,1,3,33.0
1175363,2019,6,Hyderabad,2019-03-29,Indian Premier League,8.0,male,T20,T20,20,2019,club,Rajiv Gandhi International Stadium,Rajasthan Royals,Rajasthan Royals,Sunrisers Hyderabad,bat,Sunrisers Hyderabad,,5.0,win,Rashid Khan,134,2,134,2,22.0
1175364,2019,6,Chandigarh,2019-03-30,Indian Premier League,9.0,male,T20,T20,20,2019,club,Punjab Cricket Association IS Bindra Stadium,Punjab Kings,Mumbai Indians,Punjab Kings,field,Punjab Kings,,8.0,win,MA Agarwal,3,494,494,494,35.0
1175365,2019,6,Delhi,2019-03-30,Indian Premier League,10.0,male,T20,T20,20,2019,club,Arun Jaitley Stadium,Delhi Capitals,Kolkata Knight Riders,Delhi Capitals,field,Delhi Capitals,,,tie,PP Shaw,6,252,252,252,1849.0
1175366,2019,6,Hyderabad,2019-03-31,Indian Premier League,11.0,male,T20,T20,20,2019,club,Rajiv Gandhi International Stadium,Royal Challengers Bangalore,Sunrisers Hyderabad,Royal Challengers Bangalore,field,Sunrisers Hyderabad,118.0,,win,JM Bairstow,2,1,1,2,2719.0
1175367,2019,6,Chennai,2019-03-31,Indian Premier League,12.0,male,T20,T20,20,2019,club,MA Chidambaram Stadium,Rajasthan Royals,Chennai Super Kings,Rajasthan Royals,field,Chennai Super Kings,8.0,,win,MS Dhoni,129,134,134,129,38.0
1175368,2019,6,Chandigarh,2019-04-01,Indian Premier League,13.0,male,T20,T20,20,2019,club,Punjab Cricket Association IS Bindra Stadium,Delhi Capitals,Punjab Kings,Delhi Capitals,field,Punjab Kings,14.0,,win,SM Curran,494,252,252,494,2768.0
1175369,2019,6,Jaipur,2019-04-02,Indian Premier League,14.0,male,T20,T20,20,2019,club,Sawai Mansingh Stadium,Rajasthan Royals,Royal Challengers Bangalore,Rajasthan Royals,field,Rajasthan Royals,,7.0,win,S Gopal,1,134,134,134,1449.0
1175370,2019,6,Mumbai,2019-04-03,Indian Premier League,15.0,male,T20,T20,20,2019,club,Wankhede Stadium,Chennai Super Kings,Mumbai Indians,Chennai Super Kings,field,Mumbai Indians,37.0,,win,HH Pandya,3,129,129,3,30.0
1175371,2019,6,Delhi,2019-04-04,Indian Premier League,16.0,male,T20,T20,20,2019,club,Arun Jaitley Stadium,Sunrisers Hyderabad,Delhi Capitals,Sunrisers Hyderabad,field,Sunrisers Hyderabad,,5.0,win,JM Bairstow,252,2,2,2,2719.0
1175372,2019,6,Bengaluru,2019-04-05,Indian Premier League,17.0,male,T20,T20,20,2019,club,M.Chinnaswamy Stadium,Kolkata Knight Riders,Royal Challengers Bangalore,Kolkata Knight Riders,field,Kolkata Knight Riders,,5.0,win,AD Russell,1,6,6,6,1437.0
1178393,2019,6,Chennai,2019-04-06,Indian Premier League,18.0,male,T20,T20,20,2019,club,MA Chidambaram Stadium,Chennai Super Kings,Chennai Super Kings,Punjab Kings,bat,Chennai Super Kings,22.0,,win,Harbhajan Singh,129,494,129,129,228.0
1178394,2019,6,Hyderabad,2019-04-06,Indian Premier League,19.0,male,T20,T20,20,2019,club,Rajiv Gandhi International Stadium,Sunrisers Hyderabad,Mumbai Indians,Sunrisers Hyderabad,field,Mumbai Indians,40.0,,win,AS Joseph,3,2,2,3,3100.0
1178395,2019,6,Bengaluru,2019-04-07,Indian Premier League,20.0,male,T20,T20,20,2019,club,M.Chinnaswamy Stadium,Delhi Capitals,Royal Challengers Bangalore,Delhi Capitals,field,Delhi Capitals,,4.0,win,K Rabada,1,252,252,252,590.0
1178396,2019,6,Jaipur,2019-04-07,Indian Premier League,21.0,male,T20,T20,20,2019,club,Sawai Mansingh Stadium,Kolkata Knight Riders,Rajasthan Royals,Kolkata Knight Riders,field,Kolkata Knight Riders,,8.0,win,HF Gurney,134,6,6,6,3156.0
1178397,2019,6,Chandigarh,2019-04-08,Indian Premier League,22.0,male,T20,T20,20,2019,club,Punjab Cricket Association IS Bindra Stadium,Punjab Kings,Sunrisers Hyderabad,Punjab Kings,field,Punjab Kings,,6.0,win,KL Rahul,2,494,494,494,1409.0
1178398,2019,6,Chennai,2019-04-09,Indian Premier League,23.0,male,T20,T20,20,2019,club,MA Chidambaram Stadium,Chennai Super Kings,Kolkata Knight Riders,Chennai Super Kings,field,Chennai Super Kings,,7.0,win,DL Chahar,6,129,129,129,41.0
1178399,2019,6,Mumbai,2019-04-10,Indian Premier League,24.0,male,T20,T20,20,2019,club,Wankhede Stadium,Mumbai Indians,Punjab Kings,Mumbai Indians,field,Mumbai Indians,,3.0,win,KA Pollard,494,3,3,3,29.0
1178400,2019,6,Jaipur,2019-04-11,Indian Premier League,25.0,male,T20,T20,20,2019,club,Sawai Mansingh Stadium,Chennai Super Kings,Rajasthan Royals,Chennai Super Kings,field,Chennai Super Kings,,4.0,win,MS Dhoni,134,129,129,129,38.0
1178401,2019,6,Kolkata,2019-04-12,Indian Premier League,26.0,male,T20,T20,20,2019,club,Eden Gardens,Delhi Capitals,Kolkata Knight Riders,Delhi Capitals,field,Delhi Capitals,,7.0,win,S Dhawan,6,252,252,252,13.0
1178402,2019,6,Mumbai,2019-04-13,Indian Premier League,27.0,male,T20,T20,20,2019,club,Wankhede Stadium,Rajasthan Royals,Mumbai Indians,Rajasthan Royals,field,Rajasthan Royals,,4.0,win,JC Buttler,3,134,134,134,24.0
1178403,2019,6,Chandigarh,2019-04-13,Indian Premier League,28.0,male,T20,T20,20,2019,club,Punjab Cricket Association IS Bindra Stadium,Royal Challengers Bangalore,Punjab Kings,Royal Challengers Bangalore,field,Royal Challengers Bangalore,,8.0,win,AB de Villiers,494,1,1,1,245.0
1178404,2019,6,Kolkata,2019-04-14,Indian Premier League,29.0,male,T20,T20,20,2019,club,Eden Gardens,Chennai Super Kings,Kolkata Knight Riders,Chennai Super Kings,field,Chennai Super Kings,,5.0,win,Imran Tahir,6,129,129,129,44.0
1178405,2019,6,Hyderabad,2019-04-14,Indian Premier League,30.0,male,T20,T20,20,2019,club,Rajiv Gandhi International Stadium,Sunrisers Hyderabad,Delhi Capitals,Sunrisers Hyderabad,field,Delhi Capitals,39.0,,win,KMA Paul,252,2,2,252,2745.0
1178406,2019,6,Mumbai,2019-04-15,Indian Premier League,31.0,male,T20,T20,20,2019,club,Wankhede Stadium,Mumbai Indians,Royal Challengers Bangalore,Mumbai Indians,field,Mumbai Indians,,5.0,win,SL Malinga,1,3,3,3,230.0
1178407,2019,6,Chandigarh,2019-04-16,Indian Premier League,32.0,male,T20,T20,20,2019,club,Punjab Cricket Association IS Bindra Stadium,Rajasthan Royals,Punjab Kings,Rajasthan Royals,field,Punjab Kings,12.0,,win,R Ashwin,494,134,134,494,1416.0
1178408,2019,6,Hyderabad,2019-04-17,Indian Premier League,33.0,male,T20,T20,20,2019,club,Rajiv Gandhi International Stadium,Chennai Super Kings,Chennai Super Kings,Sunrisers Hyderabad,bat,Sunrisers Hyderabad,,6.0,win,DA Warner,129,2,129,2,12.0
1178409,2019,6,Delhi,2019-04-18,Indian Premier League,34.0,male,T20,T20,20,2019,club,Arun Jaitley Stadium,Mumbai Indians,Mumbai Indians,Delhi Capitals,bat,Mumbai Indians,40.0,,win,HH Pandya,3,252,3,3,30.0
1178410,2019,6,Kolkata,2019-04-19,Indian Premier League,35.0,male,T20,T20,20,2019,club,Eden Gardens,Kolkata Knight Riders,Royal Challengers Bangalore,Kolkata Knight Riders,field,Royal Challengers Bangalore,10.0,,win,V Kohli,1,6,6,1,332.0
1178411,2019,6,Jaipur,2019-04-20,Indian Premier League,36.0,male,T20,T20,20,2019,club,Sawai Mansingh Stadium,Rajasthan Royals,Mumbai Indians,Rajasthan Royals,field,Rajasthan Royals,,5.0,win,SPD Smith,3,134,134,134,36.0
1178412,2019,6,Delhi,2019-04-20,Indian Premier League,37.0,male,T20,T20,20,2019,club,Arun Jaitley Stadium,Delhi Capitals,Punjab Kings,Delhi Capitals,field,Delhi Capitals,,5.0,win,SS Iyer,494,252,252,252,389.0
1178413,2019,6,Hyderabad,2019-04-21,Indian Premier League,38.0,male,T20,T20,20,2019,club,Rajiv Gandhi International Stadium,Sunrisers Hyderabad,Kolkata Knight Riders,Sunrisers Hyderabad,field,Sunrisers Hyderabad,,9.0,win,KK Ahmed,6,2,2,2,2662.0
1178414,2019,6,Bengaluru,2019-04-21,Indian Premier League,39.0,male,T20,T20,20,2019,club,M.Chinnaswamy Stadium,Chennai Super Kings,Royal Challengers Bangalore,Chennai Super Kings,field,Royal Challengers Bangalore,1.0,,win,PA Patel,1,129,129,1,23.0
1178415,2019,6,Jaipur,2019-04-22,Indian Premier League,40.0,male,T20,T20,20,2019,club,Sawai Mansingh Stadium,Delhi Capitals,Rajasthan Royals,Delhi Capitals,field,Delhi Capitals,,6.0,win,RR Pant,134,252,252,252,181.0
1178416,2019,6,Chennai,2019-04-23,Indian Premier League,41.0,male,T20,T20,20,2019,club,MA Chidambaram Stadium,Chennai Super Kings,Sunrisers Hyderabad,Chennai Super Kings,field,Chennai Super Kings,,6.0,win,SR Watson,2,129,129,129,5.0
1178417,2019,6,Bengaluru,2019-04-24,Indian Premier League,42.0,male,T20,T20,20,2019,club,M.Chinnaswamy Stadium,Punjab Kings,Royal Challengers Bangalore,Punjab Kings,field,Royal Challengers Bangalore,17.0,,win,AB de Villiers,1,494,494,1,245.0
1178418,2019,6,Kolkata,2019-04-25,Indian Premier League,43.0,male,T20,T20,20,2019,club,Eden Gardens,Rajasthan Royals,Kolkata Knight Riders,Rajasthan Royals,field,Rajasthan Royals,,3.0,win,VR Aaron,6,134,134,134,241.0
1178419,2019,6,Chennai,2019-04-26,Indian Premier League,44.0,male,T20,T20,20,2019,club,MA Chidambaram Stadium,Chennai Super Kings,Mumbai Indians,Chennai Super Kings,field,Mumbai Indians,46.0,,win,RG Sharma,3,129,129,3,25.0
1178420,2019,6,Jaipur,2019-04-27,Indian Premier League,45.0,male,T20,T20,20,2019,club,Sawai Mansingh Stadium,Rajasthan Royals,Sunrisers Hyderabad,Rajasthan Royals,field,Rajasthan Royals,,7.0,win,JD Unadkat,2,134,134,134,438.0
1178421,2019,6,Delhi,2019-04-28,Indian Premier League,46.0,male,T20,T20,20,2019,club,Arun Jaitley Stadium,Delhi Capitals,Delhi Capitals,Royal Challengers Bangalore,bat,Delhi Capitals,16.0,,win,S Dhawan,252,1,252,252,13.0
1178422,2019,6,Kolkata,2019-04-28,Indian Premier League,47.0,male,T20,T20,20,2019,club,Eden Gardens,Mumbai Indians,Kolkata Knight Riders,Mumbai Indians,field,Kolkata Knight Riders,34.0,,win,AD Russell,6,3,3,6,1437.0
1178423,2019,6,Hyderabad,2019-04-29,Indian Premier League,48.0,male,T20,T20,20,2019,club,Rajiv Gandhi International Stadium,Punjab Kings,Sunrisers Hyderabad,Punjab Kings,field,Sunrisers Hyderabad,45.0,,win,DA Warner,2,494,494,2,12.0
1178424,2019,6,Bengaluru,2019-04-30,Indian Premier League,49.0,male,T20,T20,20,2019,club,M.Chinnaswamy Stadium,Rajasthan Royals,Royal Challengers Bangalore,Rajasthan Royals,field,Rajasthan Royals,,,no result,,1,134,134,134,
1178425,2019,6,Chennai,2019-05-01,Indian Premier League,50.0,male,T20,T20,20,2019,club,MA Chidambaram Stadium,Delhi Capitals,Chennai Super Kings,Delhi Capitals,field,Chennai Super Kings,80.0,,win,MS Dhoni,129,252,252,129,38.0
1178426,2019,6,Mumbai,2019-05-02,Indian Premier League,51.0,male,T20,T20,20,2019,club,Wankhede Stadium,Mumbai Indians,Mumbai Indians,Sunrisers Hyderabad,bat,Sunrisers Hyderabad,,,tie,JJ Bumrah,3,2,3,2,33.0
1178427,2019,6,Chandigarh,2019-05-03,Indian Premier League,52.0,male,T20,T20,20,2019,club,Punjab Cricket Association IS Bindra Stadium,Kolkata Knight Riders,Punjab Kings,Kolkata Knight Riders,field,Kolkata Knight Riders,,7.0,win,Shubman Gill,494,6,6,6,1580.0
1178428,2019,6,Delhi,2019-05-04,Indian Premier League,53.0,male,T20,T20,20,2019,club,Arun Jaitley Stadium,Rajasthan Royals,Rajasthan Royals,Delhi Capitals,bat,Delhi Capitals,,5.0,win,A Mishra,134,252,134,252,185.0
1178429,2019,6,Bengaluru,2019-05-04,Indian Premier League,54.0,male,T20,T20,20,2019,club,M.Chinnaswamy Stadium,Royal Challengers Bangalore,Sunrisers Hyderabad,Royal Challengers Bangalore,field,Royal Challengers Bangalore,,4.0,win,SO Hetmyer,2,1,1,1,2700.0
1178430,2019,6,Chandigarh,2019-05-05,Indian Premier League,55.0,male,T20,T20,20,2019,club,Punjab Cricket Association IS Bindra Stadium,Punjab Kings,Chennai Super Kings,Punjab Kings,field,Punjab Kings,,6.0,win,KL Rahul,129,494,494,494,1409.0
1178431,2019,6,Mumbai,2019-05-05,Indian Premier League,56.0,male,T20,T20,20,2019,club,Wankhede Stadium,Mumbai Indians,Kolkata Knight Riders,Mumbai Indians,field,Mumbai Indians,,9.0,win,HH Pandya,6,3,3,3,30.0
1181764,2019,6,Chennai,2019-05-07,Indian Premier League,,male,T20,T20,20,2019,club,MA Chidambaram Stadium,Chennai Super Kings,Chennai Super Kings,Mumbai Indians,bat,Mumbai Indians,,6.0,win,SA Yadav,129,3,129,3,61.0
1181766,2019,6,Visakhapatnam,2019-05-08,Indian Premier League,,male,T20,T20,20,2019,club,Dr. Y.S. Rajasekhara Reddy ACA-VDCA Cricket Stadium,Delhi Capitals,Sunrisers Hyderabad,Delhi Capitals,field,Delhi Capitals,,2.0,win,RR Pant,2,252,252,252,181.0
1181767,2019,6,Visakhapatnam,2019-05-10,Indian Premier League,,male,T20,T20,20,2019,club,Dr. Y.S. Rajasekhara Reddy ACA-VDCA Cricket Stadium,Chennai Super Kings,Delhi Capitals,Chennai Super Kings,field,Chennai Super Kings,,6.0,win,F du Plessis,252,129,129,129,267.0
1181768,2019,6,Hyderabad,2019-05-12,Indian Premier League,,male,T20,T20,20,2019,club,Rajiv Gandhi International Stadium,Mumbai Indians,Mumbai Indians,Chennai Super Kings,bat,Mumbai Indians,1.0,,win,JJ Bumrah,3,129,3,3,33.0
1216492,2020,6,Abu Dhabi,2020-09-19,Indian Premier League,1.0,male,T20,T20,20,2020/21,club,Sheikh Zayed Stadium,Chennai Super Kings,Mumbai Indians,Chennai Super Kings,field,Chennai Super Kings,,5.0,win,AT Rayudu,3,129,129,129,27.0
1216493,2020,6,,2020-09-20,Indian Premier League,2.0,male,T20,T20,20,2020/21,club,Dubai International Cricket Stadium,Punjab Kings,Delhi Capitals,Punjab Kings,field,Punjab Kings,,,tie,MP Stoinis,252,494,494,494,73.0
1216494,2020,6,Abu Dhabi,2020-10-21,Indian Premier League,39.0,male,T20,T20,20,2020/21,club,Sheikh Zayed Stadium,Kolkata Knight Riders,Kolkata Knight Riders,Royal Challengers Bangalore,bat,Royal Challengers Bangalore,,8.0,win,Mohammed Siraj,6,1,6,1,538.0
1216495,2020,6,,2020-11-03,Indian Premier League,56.0,male,T20,T20,20,2020/21,club,Sharjah Cricket Stadium,Sunrisers Hyderabad,Mumbai Indians,Sunrisers Hyderabad,field,Sunrisers Hyderabad,,10.0,win,S Nadeem,3,2,2,2,186.0
1216496,2020,6,,2020-09-22,Indian Premier League,4.0,male,T20,T20,20,2020/21,club,Sharjah Cricket Stadium,Chennai Super Kings,Rajasthan Royals,Chennai Super Kings,field,Rajasthan Royals,16.0,,win,SV Samson,134,129,129,134,180.0
1216497,2020,6,Abu Dhabi,2020-10-24,Indian Premier League,42.0,male,T20,T20,20,2020/21,club,Sheikh Zayed Stadium,Delhi Capitals,Kolkata Knight Riders,Delhi Capitals,field,Kolkata Knight Riders,59.0,,win,CV Varun,6,252,252,6,2825.0
1216498,2020,6,,2020-10-24,Indian Premier League,43.0,male,T20,T20,20,2020/21,club,Dubai International Cricket Stadium,Sunrisers Hyderabad,Punjab Kings,Sunrisers Hyderabad,field,Punjab Kings,12.0,,win,CJ Jordan,494,2,2,494,1327.0
1216499,2020,6,Abu Dhabi,2020-10-28,Indian Premier League,48.0,male,T20,T20,20,2020/21,club,Sheikh Zayed Stadium,Mumbai Indians,Royal Challengers Bangalore,Mumbai Indians,field,Mumbai Indians,,5.0,win,SA Yadav,1,3,3,3,61.0
1216500,2020,6,,2020-10-09,Indian Premier League,23.0,male,T20,T20,20,2020/21,club,Sharjah Cricket Stadium,Rajasthan Royals,Delhi Capitals,Rajasthan Royals,field,Delhi Capitals,46.0,,win,R Ashwin,252,134,134,252,1416.0
1216501,2020,6,Abu Dhabi,2020-10-07,Indian Premier League,21.0,male,T20,T20,20,2020/21,club,Sheikh Zayed Stadium,Kolkata Knight Riders,Kolkata Knight Riders,Chennai Super Kings,bat,Kolkata Knight Riders,10.0,,win,RA Tripathi,6,129,6,6,268.0
1216502,2020,6,,2020-10-31,Indian Premier League,52.0,male,T20,T20,20,2020/21,club,Sharjah Cricket Stadium,Sunrisers Hyderabad,Royal Challengers Bangalore,Sunrisers Hyderabad,field,Sunrisers Hyderabad,,5.0,win,Sandeep Sharma,1,2,2,2,76.0
1216503,2020,6,Abu Dhabi,2020-10-01,Indian Premier League,13.0,male,T20,T20,20,2020/21,club,Sheikh Zayed Stadium,Punjab Kings,Mumbai Indians,Punjab Kings,field,Mumbai Indians,48.0,,win,KA Pollard,3,494,494,3,29.0
1216504,2020,6,,2020-09-30,Indian Premier League,12.0,male,T20,T20,20,2020/21,club,Dubai International Cricket Stadium,Rajasthan Royals,Kolkata Knight Riders,Rajasthan Royals,field,Kolkata Knight Riders,37.0,,win,Shivam Mavi,6,134,134,6,1581.0
1216505,2020,6,Abu Dhabi,2020-11-02,Indian Premier League,55.0,male,T20,T20,20,2020/21,club,Sheikh Zayed Stadium,Delhi Capitals,Royal Challengers Bangalore,Delhi Capitals,field,Delhi Capitals,,6.0,win,A Nortje,1,252,252,252,4047.0
1216506,2020,6,Abu Dhabi,2020-11-01,Indian Premier League,53.0,male,T20,T20,20,2020/21,club,Sheikh Zayed Stadium,Chennai Super Kings,Punjab Kings,Chennai Super Kings,field,Chennai Super Kings,,9.0,win,RD Gaikwad,494,129,129,129,4119.0
1216507,2020,6,,2020-10-11,Indian Premier League,26.0,male,T20,T20,20,2020/21,club,Dubai International Cricket Stadium,Sunrisers Hyderabad,Sunrisers Hyderabad,Rajasthan Royals,bat,Rajasthan Royals,,5.0,win,R Tewatia,2,134,2,134,1119.0
1216508,2020,6,Abu Dhabi,2020-09-23,Indian Premier League,5.0,male,T20,T20,20,2020/21,club,Sheikh Zayed Stadium,Kolkata Knight Riders,Mumbai Indians,Kolkata Knight Riders,field,Mumbai Indians,49.0,,win,RG Sharma,3,6,6,3,25.0
1216509,2020,6,,2020-10-17,Indian Premier League,34.0,male,T20,T20,20,2020/21,club,Sharjah Cricket Stadium,Chennai Super Kings,Chennai Super Kings,Delhi Capitals,bat,Delhi Capitals,,5.0,win,S Dhawan,129,252,129,252,13.0
1216510,2020,6,,2020-09-24,Indian Premier League,6.0,male,T20,T20,20,2020/21,club,Dubai International Cricket Stadium,Royal Challengers Bangalore,Punjab Kings,Royal Challengers Bangalore,field,Punjab Kings,97.0,,win,KL Rahul,494,1,1,494,1409.0
1216511,2020,6,Abu Dhabi,2020-10-06,Indian Premier League,20.0,male,T20,T20,20,2020/21,club,Sheikh Zayed Stadium,Mumbai Indians,Mumbai Indians,Rajasthan Royals,bat,Mumbai Indians,57.0,,win,SA Yadav,3,134,3,3,61.0
1216512,2020,6,Abu Dhabi,2020-10-18,Indian Premier League,35.0,male,T20,T20,20,2020/21,club,Sheikh Zayed Stadium,Sunrisers Hyderabad,Kolkata Knight Riders,Sunrisers Hyderabad,field,Sunrisers Hyderabad,,,tie,LH Ferguson,6,2,2,2,361.0
1216513,2020,6,,2020-10-04,Indian Premier League,18.0,male,T20,T20,20,2020/21,club,Dubai International Cricket Stadium,Punjab Kings,Punjab Kings,Chennai Super Kings,bat,Chennai Super Kings,,10.0,win,SR Watson,494,129,494,129,5.0
1216514,2020,6,Abu Dhabi,2020-10-03,Indian Premier League,15.0,male,T20,T20,20,2020/21,club,Sheikh Zayed Stadium,Rajasthan Royals,Rajasthan Royals,Royal Challengers Bangalore,bat,Royal Challengers Bangalore,,8.0,win,YS Chahal,134,1,134,1,10.0
1216515,2020,6,,2020-10-03,Indian Premier League,16.0,male,T20,T20,20,2020/21,club,Sharjah Cricket Stadium,Kolkata Knight Riders,Delhi Capitals,Kolkata Knight Riders,field,Delhi Capitals,18.0,,win,SS Iyer,252,6,6,252,389.0
1216516,2020,6,,2020-10-02,Indian Premier League,14.0,male,T20,T20,20,2020/21,club,Dubai International Cricket Stadium,Sunrisers Hyderabad,Sunrisers Hyderabad,Chennai Super Kings,bat,Sunrisers Hyderabad,7.0,,win,PK Garg,2,129,2,2,4097.0
1216517,2020,6,,2020-10-18,Indian Premier League,36.0,male,T20,T20,20,2020/21,club,Dubai International Cricket Stadium,Mumbai Indians,Mumbai Indians,Punjab Kings,bat,Punjab Kings,,,tie,KL Rahul,3,494,3,494,1409.0
1216518,2020,6,,2020-10-22,Indian Premier League,40.0,male,T20,T20,20,2020/21,club,Dubai International Cricket Stadium,Sunrisers Hyderabad,Rajasthan Royals,Sunrisers Hyderabad,field,Sunrisers Hyderabad,,8.0,win,MK Pandey,134,2,2,2,59.0
1216519,2020,6,,2020-10-05,Indian Premier League,19.0,male,T20,T20,20,2020/21,club,Dubai International Cricket Stadium,Royal Challengers Bangalore,Delhi Capitals,Royal Challengers Bangalore,field,Delhi Capitals,59.0,,win,AR Patel,252,1,1,252,70.0
1216520,2020,6,,2020-10-26,Indian Premier League,46.0,male,T20,T20,20,2020/21,club,Sharjah Cricket Stadium,Punjab Kings,Kolkata Knight Riders,Punjab Kings,field,Punjab Kings,,8.0,win,CH Gayle,6,494,494,494,1.0
1216521,2020,6,,2020-10-23,Indian Premier League,41.0,male,T20,T20,20,2020/21,club,Sharjah Cricket Stadium,Mumbai Indians,Chennai Super Kings,Mumbai Indians,field,Mumbai Indians,,10.0,win,TA Boult,129,3,3,3,66.0
1216522,2020,6,,2020-10-17,Indian Premier League,33.0,male,T20,T20,20,2020/21,club,Dubai International Cricket Stadium,Rajasthan Royals,Rajasthan Royals,Royal Challengers Bangalore,bat,Royal Challengers Bangalore,,7.0,win,AB de Villiers,134,1,134,1,245.0
1216523,2020,6,Abu Dhabi,2020-10-10,Indian Premier League,24.0,male,T20,T20,20,2020/21,club,Sheikh Zayed Stadium,Kolkata Knight Riders,Kolkata Knight Riders,Punjab Kings,bat,Kolkata Knight Riders,2.0,,win,KD Karthik,6,494,6,6,49.0
1216524,2020,6,,2020-10-27,Indian Premier League,47.0,male,T20,T20,20,2020/21,club,Dubai International Cricket Stadium,Delhi Capitals,Sunrisers Hyderabad,Delhi Capitals,field,Sunrisers Hyderabad,88.0,,win,WP Saha,2,252,252,2,69.0
1216525,2020,6,,2020-10-10,Indian Premier League,25.0,male,T20,T20,20,2020/21,club,Dubai International Cricket Stadium,Royal Challengers Bangalore,Royal Challengers Bangalore,Chennai Super Kings,bat,Royal Challengers Bangalore,37.0,,win,V Kohli,1,129,1,1,332.0
1216526,2020,6,Abu Dhabi,2020-10-16,Indian Premier League,32.0,male,T20,T20,20,2020/21,club,Sheikh Zayed Stadium,Kolkata Knight Riders,Kolkata Knight Riders,Mumbai Indians,bat,Mumbai Indians,,8.0,win,Q de Kock,6,3,6,3,1421.0
1216527,2020,6,,2020-09-27,Indian Premier League,9.0,male,T20,T20,20,2020/21,club,Sharjah Cricket Stadium,Rajasthan Royals,Punjab Kings,Rajasthan Royals,field,Rajasthan Royals,,4.0,win,SV Samson,494,134,134,134,180.0
1216528,2020,6,,2020-10-13,Indian Premier League,29.0,male,T20,T20,20,2020/21,club,Dubai International Cricket Stadium,Chennai Super Kings,Chennai Super Kings,Sunrisers Hyderabad,bat,Chennai Super Kings,20.0,,win,RA Jadeja,129,2,129,129,348.0
1216529,2020,6,Abu Dhabi,2020-10-11,Indian Premier League,27.0,male,T20,T20,20,2020/21,club,Sheikh Zayed Stadium,Delhi Capitals,Delhi Capitals,Mumbai Indians,bat,Mumbai Indians,,5.0,win,Q de Kock,252,3,252,3,1421.0
1216530,2020,6,,2020-11-01,Indian Premier League,54.0,male,T20,T20,20,2020/21,club,Dubai International Cricket Stadium,Rajasthan Royals,Kolkata Knight Riders,Rajasthan Royals,field,Kolkata Knight Riders,60.0,,win,PJ Cummins,6,134,134,6,184.0
1216531,2020,6,,2020-10-15,Indian Premier League,31.0,male,T20,T20,20,2020/21,club,Sharjah Cricket Stadium,Royal Challengers Bangalore,Royal Challengers Bangalore,Punjab Kings,bat,Punjab Kings,,8.0,win,KL Rahul,1,494,1,494,1409.0
1216532,2020,6,Abu Dhabi,2020-09-29,Indian Premier League,11.0,male,T20,T20,20,2020/21,club,Sheikh Zayed Stadium,Delhi Capitals,Sunrisers Hyderabad,Delhi Capitals,field,Sunrisers Hyderabad,15.0,,win,Rashid Khan,2,252,252,2,22.0
1216533,2020,6,Abu Dhabi,2020-10-19,Indian Premier League,37.0,male,T20,T20,20,2020/21,club,Sheikh Zayed Stadium,Chennai Super Kings,Chennai Super Kings,Rajasthan Royals,bat,Rajasthan Royals,,7.0,win,JC Buttler,129,134,129,134,24.0
1216534,2020,6,,2020-09-21,Indian Premier League,3.0,male,T20,T20,20,2020/21,club,Dubai International Cricket Stadium,Sunrisers Hyderabad,Royal Challengers Bangalore,Sunrisers Hyderabad,field,Royal Challengers Bangalore,10.0,,win,YS Chahal,1,2,2,1,10.0
1216535,2020,6,,2020-10-31,Indian Premier League,51.0,male,T20,T20,20,2020/21,club,Dubai International Cricket Stadium,Mumbai Indians,Delhi Capitals,Mumbai Indians,field,Mumbai Indians,,9.0,win,Ishan Kishan,252,3,3,3,347.0
1216536,2020,6,,2020-10-29,Indian Premier League,49.0,male,T20,T20,20,2020/21,club,Dubai International Cricket Stadium,Chennai Super Kings,Kolkata Knight Riders,Chennai Super Kings,field,Chennai Super Kings,,6.0,win,RD Gaikwad,6,129,129,129,4119.0
1216537,2020,6,Abu Dhabi,2020-10-30,Indian Premier League,50.0,male,T20,T20,20,2020/21,club,Sheikh Zayed Stadium,Rajasthan Royals,Punjab Kings,Rajasthan Royals,field,Rajasthan Royals,,7.0,win,BA Stokes,494,134,134,134,37.0
1216538,2020,6,,2020-10-04,Indian Premier League,17.0,male,T20,T20,20,2020/21,club,Sharjah Cricket Stadium,Mumbai Indians,Mumbai Indians,Sunrisers Hyderabad,bat,Mumbai Indians,34.0,,win,TA Boult,3,2,3,3,66.0
1216539,2020,6,,2020-09-25,Indian Premier League,7.0,male,T20,T20,20,2020/21,club,Dubai International Cricket Stadium,Chennai Super Kings,Delhi Capitals,Chennai Super Kings,field,Delhi Capitals,44.0,,win,PP Shaw,252,129,129,252,1849.0
1216540,2020,6,,2020-10-12,Indian Premier League,28.0,male,T20,T20,20,2020/21,club,Sharjah Cricket Stadium,Royal Challengers Bangalore,Royal Challengers Bangalore,Kolkata Knight Riders,bat,Royal Challengers Bangalore,82.0,,win,AB de Villiers,1,6,1,1,245.0
1216541,2020,6,Abu Dhabi,2020-10-25,Indian Premier League,45.0,male,T20,T20,20,2020/21,club,Sheikh Zayed Stadium,Mumbai Indians,Mumbai Indians,Rajasthan Royals,bat,Rajasthan Royals,,8.0,win,BA Stokes,3,134,3,134,37.0
1216542,2020,6,,2020-10-08,Indian Premier League,22.0,male,T20,T20,20,2020/21,club,Dubai International Cricket Stadium,Sunrisers Hyderabad,Sunrisers Hyderabad,Punjab Kings,bat,Sunrisers Hyderabad,69.0,,win,JM Bairstow,2,494,2,2,2719.0
1216543,2020,6,,2020-10-14,Indian Premier League,30.0,male,T20,T20,20,2020/21,club,Dubai International Cricket Stadium,Delhi Capitals,Delhi Capitals,Rajasthan Royals,bat,Delhi Capitals,13.0,,win,A Nortje,252,134,252,252,4047.0
1216544,2020,6,,2020-10-25,Indian Premier League,44.0,male,T20,T20,20,2020/21,club,Dubai International Cricket Stadium,Royal Challengers Bangalore,Royal Challengers Bangalore,Chennai Super Kings,bat,Chennai Super Kings,,8.0,win,RD Gaikwad,1,129,1,129,4119.0
1216545,2020,6,Abu Dhabi,2020-09-26,Indian Premier League,8.0,male,T20,T20,20,2020/21,club,Sheikh Zayed Stadium,Sunrisers Hyderabad,Sunrisers Hyderabad,Kolkata Knight Riders,bat,Kolkata Knight Riders,,7.0,win,Shubman Gill,2,6,2,6,1580.0
1216546,2020,6,,2020-10-20,Indian Premier League,38.0,male,T20,T20,20,2020/21,club,Dubai International Cricket Stadium,Delhi Capitals,Delhi Capitals,Punjab Kings,bat,Punjab Kings,,5.0,win,S Dhawan,252,494,252,494,13.0
1216547,2020,6,,2020-09-28,Indian Premier League,10.0,male,T20,T20,20,2020/21,club,Dubai International Cricket Stadium,Mumbai Indians,Royal Challengers Bangalore,Mumbai Indians,field,Mumbai Indians,,,tie,AB de Villiers,1,3,3,3,245.0
1237177,2020,6,,2020-11-05,Indian Premier League,,male,T20,T20,20,2020/21,club,Dubai International Cricket Stadium,Delhi Capitals,Mumbai Indians,Delhi Capitals,field,Mumbai Indians,57.0,,win,JJ Bumrah,3,252,252,3,33.0
1237178,2020,6,Abu Dhabi,2020-11-06,Indian Premier League,,male,T20,T20,20,2020/21,club,Sheikh Zayed Stadium,Sunrisers Hyderabad,Royal Challengers Bangalore,Sunrisers Hyderabad,field,Sunrisers Hyderabad,,6.0,win,KS Williamson,1,2,2,2,531.0
1237180,2020,6,Abu Dhabi,2020-11-08,Indian Premier League,,male,T20,T20,20,2020/21,club,Sheikh Zayed Stadium,Delhi Capitals,Delhi Capitals,Sunrisers Hyderabad,bat,Delhi Capitals,17.0,,win,MP Stoinis,252,2,252,252,73.0
1237181,2020,6,,2020-11-10,Indian Premier League,,male,T20,T20,20,2020/21,club,Dubai International Cricket Stadium,Delhi Capitals,Delhi Capitals,Mumbai Indians,bat,Mumbai Indians,,5.0,win,TA Boult,252,3,252,3,66.0
1254058,2021,6,Chennai,2021-04-09,Indian Premier League,1.0,male,T20,T20,20,2021,club,"MA Chidambaram Stadium, Chepauk, Chennai",Royal Challengers Bangalore,Mumbai Indians,Royal Challengers Bangalore,field,Royal Challengers Bangalore,,2.0,win,HV Patel,3,1,1,1,1285.0
1254059,2021,6,Mumbai,2021-04-10,Indian Premier League,2.0,male,T20,T20,20,2021,club,"Wankhede Stadium, Mumbai",Delhi Capitals,Chennai Super Kings,Delhi Capitals,field,Delhi Capitals,,7.0,win,S Dhawan,129,252,252,252,13.0
1254060,2021,6,Chennai,2021-04-11,Indian Premier League,3.0,male,T20,T20,20,2021,club,"MA Chidambaram Stadium, Chepauk, Chennai",Sunrisers Hyderabad,Kolkata Knight Riders,Sunrisers Hyderabad,field,Kolkata Knight Riders,10.0,,win,N Rana,6,2,2,6,26.0
1254061,2021,6,Mumbai,2021-04-12,Indian Premier League,4.0,male,T20,T20,20,2021,club,"Wankhede Stadium, Mumbai",Rajasthan Royals,Punjab Kings,Rajasthan Royals,field,Punjab Kings,4.0,,win,SV Samson,494,134,134,494,180.0
1254062,2021,6,Chennai,2021-04-13,Indian Premier League,5.0,male,T20,T20,20,2021,club,"MA Chidambaram Stadium, Chepauk, Chennai",Kolkata Knight Riders,Mumbai Indians,Kolkata Knight Riders,field,Mumbai Indians,10.0,,win,RD Chahar,3,6,6,3,163.0
1254063,2021,6,Chennai,2021-04-14,Indian Premier League,6.0,male,T20,T20,20,2021,club,"MA Chidambaram Stadium, Chepauk, Chennai",Sunrisers Hyderabad,Royal Challengers Bangalore,Sunrisers Hyderabad,field,Royal Challengers Bangalore,6.0,,win,GJ Maxwell,1,2,2,1,71.0
1254064,2021,6,Mumbai,2021-04-15,Indian Premier League,7.0,male,T20,T20,20,2021,club,"Wankhede Stadium, Mumbai",Rajasthan Royals,Delhi Capitals,Rajasthan Royals,field,Rajasthan Royals,,3.0,win,JD Unadkat,252,134,134,134,438.0
1254065,2021,6,Mumbai,2021-04-16,Indian Premier League,8.0,male,T20,T20,20,2021,club,"Wankhede Stadium, Mumbai",Chennai Super Kings,Punjab Kings,Chennai Super Kings,field,Chennai Super Kings,,6.0,win,DL Chahar,494,129,129,129,41.0
1254066,2021,6,Chennai,2021-04-17,Indian Premier League,9.0,male,T20,T20,20,2021,club,"MA Chidambaram Stadium, Chepauk, Chennai",Mumbai Indians,Mumbai Indians,Sunrisers Hyderabad,bat,Mumbai Indians,13.0,,win,KA Pollard,3,2,3,3,29.0
1254067,2021,6,Chennai,2021-04-18,Indian Premier League,10.0,male,T20,T20,20,2021,club,"MA Chidambaram Stadium, Chepauk, Chennai",Royal Challengers Bangalore,Royal Challengers Bangalore,Kolkata Knight Riders,bat,Royal Challengers Bangalore,38.0,,win,AB de Villiers,1,6,1,1,245.0
1254068,2021,6,Mumbai,2021-04-18,Indian Premier League,11.0,male,T20,T20,20,2021,club,"Wankhede Stadium, Mumbai",Delhi Capitals,Punjab Kings,Delhi Capitals,field,Delhi Capitals,,6.0,win,S Dhawan,494,252,252,252,13.0
1254069,2021,6,Mumbai,2021-04-19,Indian Premier League,12.0,male,T20,T20,20,2021,club,"Wankhede Stadium, Mumbai",Rajasthan Royals,Chennai Super Kings,Rajasthan Royals,field,Chennai Super Kings,45.0,,win,MM Ali,129,134,134,129,2227.0
1254070,2021,6,Chennai,2021-04-20,Indian Premier League,13.0,male,T20,T20,20,2021,club,"MA Chidambaram Stadium, Chepauk, Chennai",Mumbai Indians,Mumbai Indians,Delhi Capitals,bat,Delhi Capitals,,6.0,win,A Mishra,3,252,3,252,185.0
1254071,2021,6,Chennai,2021-04-21,Indian Premier League,14.0,male,T20,T20,20,2021,club,"MA Chidambaram Stadium, Chepauk, Chennai",Punjab Kings,Punjab Kings,Sunrisers Hyderabad,bat,Sunrisers Hyderabad,,9.0,win,JM Bairstow,494,2,494,2,2719.0
1254072,2021,6,Mumbai,2021-04-21,Indian Premier League,15.0,male,T20,T20,20,2021,club,"Wankhede Stadium, Mumbai",Kolkata Knight Riders,Chennai Super Kings,Kolkata Knight Riders,field,Chennai Super Kings,18.0,,win,F du Plessis,129,6,6,129,267.0
1254073,2021,6,Mumbai,2021-04-22,Indian Premier League,16.0,male,T20,T20,20,2021,club,"Wankhede Stadium, Mumbai",Royal Challengers Bangalore,Rajasthan Royals,Royal Challengers Bangalore,field,Royal Challengers Bangalore,,10.0,win,D Padikkal,134,1,1,1,4071.0
1254074,2021,6,Chennai,2021-04-23,Indian Premier League,17.0,male,T20,T20,20,2021,club,"MA Chidambaram Stadium, Chepauk, Chennai",Punjab Kings,Mumbai Indians,Punjab Kings,field,Punjab Kings,,9.0,win,KL Rahul,3,494,494,494,1409.0
1254075,2021,6,Mumbai,2021-04-24,Indian Premier League,18.0,male,T20,T20,20,2021,club,"Wankhede Stadium, Mumbai",Rajasthan Royals,Kolkata Knight Riders,Rajasthan Royals,field,Rajasthan Royals,,6.0,win,CH Morris,6,134,134,134,182.0
1254076,2021,6,Mumbai,2021-04-25,Indian Premier League,19.0,male,T20,T20,20,2021,club,"Wankhede Stadium, Mumbai",Chennai Super Kings,Chennai Super Kings,Royal Challengers Bangalore,bat,Chennai Super Kings,69.0,,win,RA Jadeja,129,1,129,129,348.0
1254077,2021,6,Chennai,2021-04-25,Indian Premier League,20.0,male,T20,T20,20,2021,club,"MA Chidambaram Stadium, Chepauk, Chennai",Delhi Capitals,Delhi Capitals,Sunrisers Hyderabad,bat,Sunrisers Hyderabad,,,tie,PP Shaw,252,2,252,2,1849.0
1254078,2021,6,Ahmedabad,2021-04-26,Indian Premier League,21.0,male,T20,T20,20,2021,club,"Narendra Modi Stadium, Ahmedabad",Kolkata Knight Riders,Punjab Kings,Kolkata Knight Riders,field,Kolkata Knight Riders,,5.0,win,EJG Morgan,494,6,6,6,400.0
1254079,2021,6,Ahmedabad,2021-04-27,Indian Premier League,22.0,male,T20,T20,20,2021,club,"Narendra Modi Stadium, Ahmedabad",Delhi Capitals,Royal Challengers Bangalore,Delhi Capitals,field,Royal Challengers Bangalore,1.0,,win,AB de Villiers,1,252,252,1,245.0
1254080,2021,6,Delhi,2021-04-28,Indian Premier League,23.0,male,T20,T20,20,2021,club,"Arun Jaitley Stadium, Delhi",Sunrisers Hyderabad,Sunrisers Hyderabad,Chennai Super Kings,bat,Chennai Super Kings,,7.0,win,RD Gaikwad,2,129,2,129,4119.0
1254081,2021,6,Delhi,2021-04-29,Indian Premier League,24.0,male,T20,T20,20,2021,club,"Arun Jaitley Stadium, Delhi",Mumbai Indians,Rajasthan Royals,Mumbai Indians,field,Mumbai Indians,,7.0,win,Q de Kock,134,3,3,3,1421.0
1254082,2021,6,Ahmedabad,2021-04-29,Indian Premier League,25.0,male,T20,T20,20,2021,club,"Narendra Modi Stadium, Ahmedabad",Delhi Capitals,Kolkata Knight Riders,Delhi Capitals,field,Delhi Capitals,,7.0,win,PP Shaw,6,252,252,252,1849.0
1254083,2021,6,Ahmedabad,2021-04-30,Indian Premier League,26.0,male,T20,T20,20,2021,club,"Narendra Modi Stadium, Ahmedabad",Royal Challengers Bangalore,Punjab Kings,Royal Challengers Bangalore,field,Punjab Kings,34.0,,win,Harpreet Brar,494,1,1,494,3495.0
1254084,2021,6,Delhi,2021-05-01,Indian Premier League,27.0,male,T20,T20,20,2021,club,"Arun Jaitley Stadium, Delhi",Mumbai Indians,Chennai Super Kings,Mumbai Indians,field,Mumbai Indians,,4.0,win,KA Pollard,129,3,3,3,29.0
1254085,2021,6,Delhi,2021-05-02,Indian Premier League,28.0,male,T20,T20,20,2021,club,"Arun Jaitley Stadium, Delhi",Sunrisers Hyderabad,Rajasthan Royals,Sunrisers Hyderabad,field,Rajasthan Royals,55.0,,win,JC Buttler,134,2,2,134,24.0
1254086,2021,6,Ahmedabad,2021-05-02,Indian Premier League,29.0,male,T20,T20,20,2021,club,"Narendra Modi Stadium, Ahmedabad",Delhi Capitals,Punjab Kings,Delhi Capitals,field,Delhi Capitals,,7.0,win,MA Agarwal,494,252,252,252,35.0
1254087,2021,6,Abu Dhabi,2021-09-20,Indian Premier League,31.0,male,T20,T20,20,2021,club,"Zayed Cricket Stadium, Abu Dhabi",Royal Challengers Bangalore,Royal Challengers Bangalore,Kolkata Knight Riders,bat,Kolkata Knight Riders,,9.0,win,CV Varun,1,6,1,6,2825.0
1254088,2021,6,Abu Dhabi,2021-10-08,Indian Premier League,55.0,male,T20,T20,20,2021,club,"Zayed Cricket Stadium, Abu Dhabi",Mumbai Indians,Mumbai Indians,Sunrisers Hyderabad,bat,Mumbai Indians,42.0,,win,Ishan Kishan,3,2,3,3,347.0
1254089,2021,6,Abu Dhabi,2021-10-02,Indian Premier League,47.0,male,T20,T20,20,2021,club,"Zayed Cricket Stadium, Abu Dhabi",Rajasthan Royals,Chennai Super Kings,Rajasthan Royals,field,Rajasthan Royals,,7.0,win,RD Gaikwad,129,134,134,134,4119.0
1254090,2021,6,Sharjah,2021-10-03,Indian Premier League,48.0,male,T20,T20,20,2021,club,Sharjah Cricket Stadium,Royal Challengers Bangalore,Royal Challengers Bangalore,Punjab Kings,bat,Royal Challengers Bangalore,6.0,,win,GJ Maxwell,1,494,1,1,71.0
1254091,2021,6,Sharjah,2021-09-30,Indian Premier League,44.0,male,T20,T20,20,2021,club,Sharjah Cricket Stadium,Chennai Super Kings,Sunrisers Hyderabad,Chennai Super Kings,field,Chennai Super Kings,,6.0,win,JR Hazlewood,2,129,129,129,4664.0
1254092,2021,6,Sharjah,2021-09-28,Indian Premier League,41.0,male,T20,T20,20,2021,club,Sharjah Cricket Stadium,Kolkata Knight Riders,Delhi Capitals,Kolkata Knight Riders,field,Kolkata Knight Riders,,3.0,win,SP Narine,252,6,6,6,65.0
1254093,2021,6,Sharjah,2021-10-05,Indian Premier League,51.0,male,T20,T20,20,2021,club,Sharjah Cricket Stadium,Mumbai Indians,Rajasthan Royals,Mumbai Indians,field,Mumbai Indians,,8.0,win,NM Coulter-Nile,134,3,3,3,471.0
1254094,2021,6,Dubai,2021-10-07,Indian Premier League,53.0,male,T20,T20,20,2021,club,Dubai International Cricket Stadium,Punjab Kings,Chennai Super Kings,Punjab Kings,field,Punjab Kings,,6.0,win,KL Rahul,129,494,494,494,1409.0
1254095,2021,6,Abu Dhabi,2021-10-06,Indian Premier League,52.0,male,T20,T20,20,2021,club,"Zayed Cricket Stadium, Abu Dhabi",Royal Challengers Bangalore,Sunrisers Hyderabad,Royal Challengers Bangalore,field,Sunrisers Hyderabad,4.0,,win,KS Williamson,2,1,1,2,531.0
1254096,2021,6,Abu Dhabi,2021-09-23,Indian Premier League,34.0,male,T20,T20,20,2021,club,"Zayed Cricket Stadium, Abu Dhabi",Kolkata Knight Riders,Mumbai Indians,Kolkata Knight Riders,field,Kolkata Knight Riders,,7.0,win,SP Narine,3,6,6,6,65.0
1254097,2021,6,Abu Dhabi,2021-09-25,Indian Premier League,36.0,male,T20,T20,20,2021,club,"Zayed Cricket Stadium, Abu Dhabi",Rajasthan Royals,Delhi Capitals,Rajasthan Royals,field,Delhi Capitals,33.0,,win,SS Iyer,252,134,134,252,389.0
1254098,2021,6,Abu Dhabi,2021-09-26,Indian Premier League,38.0,male,T20,T20,20,2021,club,"Zayed Cricket Stadium, Abu Dhabi",Kolkata Knight Riders,Kolkata Knight Riders,Chennai Super Kings,bat,Chennai Super Kings,,2.0,win,RA Jadeja,6,129,6,129,348.0
1254099,2021,6,Abu Dhabi,2021-09-28,Indian Premier League,42.0,male,T20,T20,20,2021,club,"Zayed Cricket Stadium, Abu Dhabi",Mumbai Indians,Punjab Kings,Mumbai Indians,field,Mumbai Indians,,6.0,win,KA Pollard,494,3,3,3,29.0
1254100,2021,6,Dubai,2021-09-27,Indian Premier League,40.0,male,T20,T20,20,2021,club,Dubai International Cricket Stadium,Rajasthan Royals,Rajasthan Royals,Sunrisers Hyderabad,bat,Sunrisers Hyderabad,,7.0,win,JJ Roy,134,2,134,2,45.0
1254101,2021,6,Dubai,2021-10-08,Indian Premier League,56.0,male,T20,T20,20,2021,club,Dubai International Cricket Stadium,Royal Challengers Bangalore,Delhi Capitals,Royal Challengers Bangalore,field,Royal Challengers Bangalore,,7.0,win,KS Bharat,252,1,1,1,5976.0
1254102,2021,6,Dubai,2021-10-01,Indian Premier League,45.0,male,T20,T20,20,2021,club,Dubai International Cricket Stadium,Punjab Kings,Kolkata Knight Riders,Punjab Kings,field,Punjab Kings,,5.0,win,KL Rahul,6,494,494,494,1409.0
1254103,2021,6,Dubai,2021-09-29,Indian Premier League,43.0,male,T20,T20,20,2021,club,Dubai International Cricket Stadium,Royal Challengers Bangalore,Rajasthan Royals,Royal Challengers Bangalore,field,Royal Challengers Bangalore,,7.0,win,YS Chahal,134,1,1,1,10.0
1254104,2021,6,Dubai,2021-09-19,Indian Premier League,30.0,male,T20,T20,20,2021,club,Dubai International Cricket Stadium,Chennai Super Kings,Chennai Super Kings,Mumbai Indians,bat,Chennai Super Kings,20.0,,win,RD Gaikwad,129,3,129,129,4119.0
1254105,2021,6,Dubai,2021-09-22,Indian Premier League,33.0,male,T20,T20,20,2021,club,Dubai International Cricket Stadium,Sunrisers Hyderabad,Sunrisers Hyderabad,Delhi Capitals,bat,Delhi Capitals,,8.0,win,A Nortje,2,252,2,252,4047.0
1254106,2021,6,Sharjah,2021-10-07,Indian Premier League,54.0,male,T20,T20,20,2021,club,Sharjah Cricket Stadium,Rajasthan Royals,Kolkata Knight Riders,Rajasthan Royals,field,Kolkata Knight Riders,86.0,,win,Shivam Mavi,6,134,134,6,1581.0
1254107,2021,6,Sharjah,2021-09-25,Indian Premier League,37.0,male,T20,T20,20,2021,club,Sharjah Cricket Stadium,Sunrisers Hyderabad,Punjab Kings,Sunrisers Hyderabad,field,Punjab Kings,5.0,,win,JO Holder,494,2,2,494,4098.0
1254108,2021,6,Dubai,2021-09-26,Indian Premier League,39.0,male,T20,T20,20,2021,club,Dubai International Cricket Stadium,Mumbai Indians,Royal Challengers Bangalore,Mumbai Indians,field,Royal Challengers Bangalore,54.0,,win,GJ Maxwell,1,3,3,1,71.0
1254109,2021,6,Dubai,2021-10-03,Indian Premier League,49.0,male,T20,T20,20,2021,club,Dubai International Cricket Stadium,Sunrisers Hyderabad,Sunrisers Hyderabad,Kolkata Knight Riders,bat,Kolkata Knight Riders,,6.0,win,Shubman Gill,2,6,2,6,1580.0
1254110,2021,6,Dubai,2021-10-04,Indian Premier League,50.0,male,T20,T20,20,2021,club,Dubai International Cricket Stadium,Delhi Capitals,Chennai Super Kings,Delhi Capitals,field,Delhi Capitals,,3.0,win,AR Patel,129,252,252,252,70.0
1254111,2021,6,Dubai,2021-09-21,Indian Premier League,32.0,male,T20,T20,20,2021,club,Dubai International Cricket Stadium,Punjab Kings,Rajasthan Royals,Punjab Kings,field,Rajasthan Royals,2.0,,win,Kartik Tyagi,134,494,494,134,4212.0
1254112,2021,6,Sharjah,2021-10-02,Indian Premier League,46.0,male,T20,T20,20,2021,club,Sharjah Cricket Stadium,Delhi Capitals,Mumbai Indians,Delhi Capitals,field,Delhi Capitals,,4.0,win,AR Patel,3,252,252,252,70.0
1254113,2021,6,Sharjah,2021-09-24,Indian Premier League,35.0,male,T20,T20,20,2021,club,Sharjah Cricket Stadium,Chennai Super Kings,Royal Challengers Bangalore,Chennai Super Kings,field,Chennai Super Kings,,6.0,win,DJ Bravo,1,129,129,129,1393.0
1254114,2021,6,Dubai,2021-10-10,Indian Premier League,,male,T20,T20,20,2021,club,Dubai International Cricket Stadium,Chennai Super Kings,Delhi Capitals,Chennai Super Kings,field,Chennai Super Kings,,4.0,win,RD Gaikwad,252,129,129,129,4119.0
1254115,2021,6,Sharjah,2021-10-11,Indian Premier League,,male,T20,T20,20,2021,club,Sharjah Cricket Stadium,Royal Challengers Bangalore,Royal Challengers Bangalore,Kolkata Knight Riders,bat,Kolkata Knight Riders,,4.0,win,SP Narine,1,6,1,6,65.0
1254116,2021,6,Sharjah,2021-10-13,Indian Premier League,,male,T20,T20,20,2021,club,Sharjah Cricket Stadium,Kolkata Knight Riders,Delhi Capitals,Kolkata Knight Riders,field,Kolkata Knight Riders,,3.0,win,VR Iyer,252,6,6,6,5986.0
1254117,2021,6,Dubai,2021-10-15,Indian Premier League,,male,T20,T20,20,2021,club,Dubai International Cricket Stadium,Kolkata Knight Riders,Chennai Super Kings,Kolkata Knight Riders,field,Chennai Super Kings,27.0,,win,F du Plessis,129,6,6,129,267.0
1304047,2022,6,Mumbai,2022-03-26,Indian Premier League,1.0,male,T20,T20,20,2022,club,"Wankhede Stadium, Mumbai",Kolkata Knight Riders,Chennai Super Kings,Kolkata Knight Riders,field,Kolkata Knight Riders,,6.0,win,UT Yadav,129,6,6,6,318.0
1304048,2022,6,Mumbai,2022-03-27,Indian Premier League,2.0,male,T20,T20,20,2022,club,"Brabourne Stadium, Mumbai",Delhi Capitals,Mumbai Indians,Delhi Capitals,field,Delhi Capitals,,4.0,win,Kuldeep Yadav,3,252,252,252,64.0
1304049,2022,6,Mumbai,2022-03-27,Indian Premier League,3.0,male,T20,T20,20,2022,club,"Dr DY Patil Sports Academy, Mumbai",Punjab Kings,Royal Challengers Bangalore,Punjab Kings,field,Punjab Kings,,5.0,win,OF Smith,1,494,494,494,6717.0
1304050,2022,6,Mumbai,2022-03-28,Indian Premier League,4.0,male,T20,T20,20,2022,club,"Wankhede Stadium, Mumbai",Gujarat Titans,Lucknow Super Giants,Gujarat Titans,field,Gujarat Titans,,5.0,win,Mohammed Shami,614,615,615,615,460.0
1304051,2022,6,Pune,2022-03-29,Indian Premier League,5.0,male,T20,T20,20,2022,club,"Maharashtra Cricket Association Stadium, Pune",Sunrisers Hyderabad,Rajasthan Royals,Sunrisers Hyderabad,field,Rajasthan Royals,61.0,,win,SV Samson,134,2,2,134,180.0
1304052,2022,6,Mumbai,2022-03-30,Indian Premier League,6.0,male,T20,T20,20,2022,club,"Dr DY Patil Sports Academy, Mumbai",Royal Challengers Bangalore,Kolkata Knight Riders,Royal Challengers Bangalore,field,Royal Challengers Bangalore,,3.0,win,PWH de Silva,6,1,1,1,5980.0
1304053,2022,6,Mumbai,2022-03-31,Indian Premier League,7.0,male,T20,T20,20,2022,club,"Brabourne Stadium, Mumbai",Lucknow Super Giants,Chennai Super Kings,Lucknow Super Giants,field,Lucknow Super Giants,,6.0,win,E Lewis,129,614,614,614,1377.0
1304054,2022,6,Mumbai,2022-04-01,Indian Premier League,8.0,male,T20,T20,20,2022,club,"Wankhede Stadium, Mumbai",Kolkata Knight Riders,Punjab Kings,Kolkata Knight Riders,field,Kolkata Knight Riders,,6.0,win,UT Yadav,494,6,6,6,318.0
1304055,2022,6,Mumbai,2022-04-02,Indian Premier League,9.0,male,T20,T20,20,2022,club,"Dr DY Patil Sports Academy, Mumbai",Mumbai Indians,Rajasthan Royals,Mumbai Indians,field,Rajasthan Royals,23.0,,win,JC Buttler,134,3,3,134,24.0
1304056,2022,6,Pune,2022-04-02,Indian Premier League,10.0,male,T20,T20,20,2022,club,"Maharashtra Cricket Association Stadium, Pune",Delhi Capitals,Gujarat Titans,Delhi Capitals,field,Gujarat Titans,14.0,,win,LH Ferguson,615,252,252,615,361.0
1304057,2022,6,Mumbai,2022-04-03,Indian Premier League,11.0,male,T20,T20,20,2022,club,"Brabourne Stadium, Mumbai",Chennai Super Kings,Punjab Kings,Chennai Super Kings,field,Punjab Kings,54.0,,win,LS Livingstone,494,129,129,494,3284.0
1304058,2022,6,Mumbai,2022-04-04,Indian Premier League,12.0,male,T20,T20,20,2022,club,"Dr DY Patil Sports Academy, Mumbai",Sunrisers Hyderabad,Lucknow Super Giants,Sunrisers Hyderabad,field,Lucknow Super Giants,12.0,,win,Avesh Khan,614,2,2,614,1286.0
1304059,2022,6,Mumbai,2022-04-05,Indian Premier League,13.0,male,T20,T20,20,2022,club,"Wankhede Stadium, Mumbai",Royal Challengers Bangalore,Rajasthan Royals,Royal Challengers Bangalore,field,Royal Challengers Bangalore,,4.0,win,KD Karthik,134,1,1,1,49.0
1304060,2022,6,Pune,2022-04-06,Indian Premier League,14.0,male,T20,T20,20,2022,club,"Maharashtra Cricket Association Stadium, Pune",Kolkata Knight Riders,Mumbai Indians,Kolkata Knight Riders,field,Kolkata Knight Riders,,5.0,win,PJ Cummins,3,6,6,6,184.0
1304061,2022,6,Mumbai,2022-04-07,Indian Premier League,15.0,male,T20,T20,20,2022,club,"Dr DY Patil Sports Academy, Mumbai",Lucknow Super Giants,Delhi Capitals,Lucknow Super Giants,field,Lucknow Super Giants,,6.0,win,Q de Kock,252,614,614,614,1421.0
1304062,2022,6,Mumbai,2022-04-08,Indian Premier League,16.0,male,T20,T20,20,2022,club,"Brabourne Stadium, Mumbai",Gujarat Titans,Punjab Kings,Gujarat Titans,field,Gujarat Titans,,6.0,win,Shubman Gill,494,615,615,615,1580.0
1304063,2022,6,Mumbai,2022-04-09,Indian Premier League,17.0,male,T20,T20,20,2022,club,"Dr DY Patil Sports Academy, Mumbai",Sunrisers Hyderabad,Chennai Super Kings,Sunrisers Hyderabad,field,Sunrisers Hyderabad,,8.0,win,Abhishek Sharma,129,2,2,2,2349.0
1304064,2022,6,Pune,2022-04-09,Indian Premier League,18.0,male,T20,T20,20,2022,club,"Maharashtra Cricket Association Stadium, Pune",Royal Challengers Bangalore,Mumbai Indians,Royal Challengers Bangalore,field,Royal Challengers Bangalore,,7.0,win,Anuj Rawat,3,1,1,1,5935.0
1304065,2022,6,Mumbai,2022-04-10,Indian Premier League,19.0,male,T20,T20,20,2022,club,"Brabourne Stadium, Mumbai",Kolkata Knight Riders,Delhi Capitals,Kolkata Knight Riders,field,Delhi Capitals,44.0,,win,Kuldeep Yadav,252,6,6,252,64.0
1304066,2022,6,Mumbai,2022-04-10,Indian Premier League,20.0,male,T20,T20,20,2022,club,"Wankhede Stadium, Mumbai",Lucknow Super Giants,Rajasthan Royals,Lucknow Super Giants,field,Rajasthan Royals,3.0,,win,YS Chahal,134,614,614,134,10.0
1304067,2022,6,Mumbai,2022-04-11,Indian Premier League,21.0,male,T20,T20,20,2022,club,"Dr DY Patil Sports Academy, Mumbai",Sunrisers Hyderabad,Gujarat Titans,Sunrisers Hyderabad,field,Sunrisers Hyderabad,,8.0,win,KS Williamson,615,2,2,2,531.0
1304068,2022,6,Mumbai,2022-04-12,Indian Premier League,22.0,male,T20,T20,20,2022,club,"Dr DY Patil Sports Academy, Mumbai",Royal Challengers Bangalore,Chennai Super Kings,Royal Challengers Bangalore,field,Chennai Super Kings,23.0,,win,S Dube,129,1,1,129,2701.0
1304069,2022,6,Pune,2022-04-13,Indian Premier League,23.0,male,T20,T20,20,2022,club,"Maharashtra Cricket Association Stadium, Pune",Mumbai Indians,Punjab Kings,Mumbai Indians,field,Punjab Kings,12.0,,win,MA Agarwal,494,3,3,494,35.0
1304070,2022,6,Mumbai,2022-04-14,Indian Premier League,24.0,male,T20,T20,20,2022,club,"Dr DY Patil Sports Academy, Mumbai",Rajasthan Royals,Gujarat Titans,Rajasthan Royals,field,Gujarat Titans,37.0,,win,HH Pandya,615,134,134,615,30.0
1304071,2022,6,Mumbai,2022-04-15,Indian Premier League,25.0,male,T20,T20,20,2022,club,"Brabourne Stadium, Mumbai",Sunrisers Hyderabad,Kolkata Knight Riders,Sunrisers Hyderabad,field,Sunrisers Hyderabad,,7.0,win,RA Tripathi,6,2,2,2,268.0
1304072,2022,6,Mumbai,2022-04-16,Indian Premier League,26.0,male,T20,T20,20,2022,club,"Brabourne Stadium, Mumbai",Mumbai Indians,Lucknow Super Giants,Mumbai Indians,field,Lucknow Super Giants,18.0,,win,KL Rahul,614,3,3,614,1409.0
1304073,2022,6,Mumbai,2022-04-16,Indian Premier League,27.0,male,T20,T20,20,2022,club,"Wankhede Stadium, Mumbai",Delhi Capitals,Royal Challengers Bangalore,Delhi Capitals,field,Royal Challengers Bangalore,16.0,,win,KD Karthik,1,252,252,1,49.0
1304074,2022,6,Mumbai,2022-04-17,Indian Premier League,28.0,male,T20,T20,20,2022,club,"Dr DY Patil Sports Academy, Mumbai",Sunrisers Hyderabad,Punjab Kings,Sunrisers Hyderabad,field,Sunrisers Hyderabad,,7.0,win,Umran Malik,494,2,2,2,6017.0
1304075,2022,6,Pune,2022-04-17,Indian Premier League,29.0,male,T20,T20,20,2022,club,"Maharashtra Cricket Association Stadium, Pune",Gujarat Titans,Chennai Super Kings,Gujarat Titans,field,Gujarat Titans,,3.0,win,DA Miller,129,615,615,615,72.0
1304076,2022,6,Mumbai,2022-04-18,Indian Premier League,30.0,male,T20,T20,20,2022,club,"Brabourne Stadium, Mumbai",Kolkata Knight Riders,Rajasthan Royals,Kolkata Knight Riders,field,Rajasthan Royals,7.0,,win,YS Chahal,134,6,6,134,10.0
1304077,2022,6,Mumbai,2022-04-19,Indian Premier League,31.0,male,T20,T20,20,2022,club,"Dr DY Patil Sports Academy, Mumbai",Lucknow Super Giants,Royal Challengers Bangalore,Lucknow Super Giants,field,Royal Challengers Bangalore,18.0,,win,F du Plessis,1,614,614,1,267.0
1304078,2022,6,Mumbai,2022-04-20,Indian Premier League,32.0,male,T20,T20,20,2022,club,"Brabourne Stadium, Mumbai",Delhi Capitals,Punjab Kings,Delhi Capitals,field,Delhi Capitals,,9.0,win,Kuldeep Yadav,494,252,252,252,64.0
1304079,2022,6,Navi Mumbai,2022-04-21,Indian Premier League,33.0,male,T20,T20,20,2022,club,"Dr DY Patil Sports Academy, Mumbai",Chennai Super Kings,Mumbai Indians,Chennai Super Kings,field,Chennai Super Kings,,3.0,win,Mukesh Choudhary,3,129,129,129,6798.0
1304080,2022,6,Mumbai,2022-04-22,Indian Premier League,34.0,male,T20,T20,20,2022,club,"Wankhede Stadium, Mumbai",Delhi Capitals,Rajasthan Royals,Delhi Capitals,field,Rajasthan Royals,15.0,,win,JC Buttler,134,252,252,134,24.0
1304081,2022,6,Navi Mumbai,2022-04-23,Indian Premier League,35.0,male,T20,T20,20,2022,club,"Dr DY Patil Sports Academy, Mumbai",Gujarat Titans,Gujarat Titans,Kolkata Knight Riders,bat,Gujarat Titans,8.0,,win,Rashid Khan,615,6,615,615,22.0
1304082,2022,6,Mumbai,2022-04-23,Indian Premier League,36.0,male,T20,T20,20,2022,club,"Brabourne Stadium, Mumbai",Sunrisers Hyderabad,Royal Challengers Bangalore,Sunrisers Hyderabad,field,Sunrisers Hyderabad,,9.0,win,M Jansen,1,2,2,2,5343.0
1304083,2022,6,Mumbai,2022-04-24,Indian Premier League,37.0,male,T20,T20,20,2022,club,"Wankhede Stadium, Mumbai",Mumbai Indians,Lucknow Super Giants,Mumbai Indians,field,Lucknow Super Giants,36.0,,win,KL Rahul,614,3,3,614,1409.0
1304084,2022,6,Mumbai,2022-04-25,Indian Premier League,38.0,male,T20,T20,20,2022,club,"Wankhede Stadium, Mumbai",Chennai Super Kings,Punjab Kings,Chennai Super Kings,field,Punjab Kings,11.0,,win,S Dhawan,494,129,129,494,13.0
1304085,2022,6,Pune,2022-04-26,Indian Premier League,39.0,male,T20,T20,20,2022,club,"Maharashtra Cricket Association Stadium, Pune",Royal Challengers Bangalore,Rajasthan Royals,Royal Challengers Bangalore,field,Rajasthan Royals,29.0,,win,R Parag,134,1,1,134,3230.0
1304086,2022,6,Mumbai,2022-04-27,Indian Premier League,40.0,male,T20,T20,20,2022,club,"Wankhede Stadium, Mumbai",Gujarat Titans,Sunrisers Hyderabad,Gujarat Titans,field,Gujarat Titans,,5.0,win,Umran Malik,2,615,615,615,6017.0
1304087,2022,6,Mumbai,2022-04-28,Indian Premier League,41.0,male,T20,T20,20,2022,club,"Wankhede Stadium, Mumbai",Delhi Capitals,Kolkata Knight Riders,Delhi Capitals,field,Delhi Capitals,,4.0,win,Kuldeep Yadav,6,252,252,252,64.0
1304088,2022,6,Pune,2022-04-29,Indian Premier League,42.0,male,T20,T20,20,2022,club,"Maharashtra Cricket Association Stadium, Pune",Punjab Kings,Lucknow Super Giants,Punjab Kings,field,Lucknow Super Giants,20.0,,win,KH Pandya,614,494,494,614,28.0
1304089,2022,6,Mumbai,2022-04-30,Indian Premier League,43.0,male,T20,T20,20,2022,club,"Brabourne Stadium, Mumbai",Royal Challengers Bangalore,Royal Challengers Bangalore,Gujarat Titans,bat,Gujarat Titans,,6.0,win,R Tewatia,1,615,1,615,1119.0
1304090,2022,6,Navi Mumbai,2022-04-30,Indian Premier League,44.0,male,T20,T20,20,2022,club,"Dr DY Patil Sports Academy, Mumbai",Mumbai Indians,Rajasthan Royals,Mumbai Indians,field,Mumbai Indians,,5.0,win,SA Yadav,134,3,3,3,61.0
1304091,2022,6,Mumbai,2022-05-01,Indian Premier League,45.0,male,T20,T20,20,2022,club,"Wankhede Stadium, Mumbai",Lucknow Super Giants,Lucknow Super Giants,Delhi Capitals,bat,Lucknow Super Giants,6.0,,win,Mohsin Khan,614,252,614,614,6730.0
1304092,2022,6,Pune,2022-05-01,Indian Premier League,46.0,male,T20,T20,20,2022,club,"Maharashtra Cricket Association Stadium, Pune",Sunrisers Hyderabad,Chennai Super Kings,Sunrisers Hyderabad,field,Chennai Super Kings,13.0,,win,RD Gaikwad,129,2,2,129,4119.0
1304093,2022,6,Mumbai,2022-05-02,Indian Premier League,47.0,male,T20,T20,20,2022,club,"Wankhede Stadium, Mumbai",Kolkata Knight Riders,Rajasthan Royals,Kolkata Knight Riders,field,Kolkata Knight Riders,,7.0,win,RK Singh,134,6,6,6,1436.0
1304094,2022,6,Navi Mumbai,2022-05-03,Indian Premier League,48.0,male,T20,T20,20,2022,club,"Dr DY Patil Sports Academy, Mumbai",Gujarat Titans,Gujarat Titans,Punjab Kings,bat,Punjab Kings,,8.0,win,K Rabada,615,494,615,494,590.0
1304095,2022,6,Pune,2022-05-04,Indian Premier League,49.0,male,T20,T20,20,2022,club,"Maharashtra Cricket Association Stadium, Pune",Chennai Super Kings,Royal Challengers Bangalore,Chennai Super Kings,field,Royal Challengers Bangalore,13.0,,win,HV Patel,1,129,129,1,1285.0
1304096,2022,6,Mumbai,2022-05-05,Indian Premier League,50.0,male,T20,T20,20,2022,club,"Brabourne Stadium, Mumbai",Sunrisers Hyderabad,Delhi Capitals,Sunrisers Hyderabad,field,Delhi Capitals,21.0,,win,DA Warner,252,2,2,252,12.0
1304097,2022,6,Mumbai,2022-05-06,Indian Premier League,51.0,male,T20,T20,20,2022,club,"Brabourne Stadium, Mumbai",Gujarat Titans,Mumbai Indians,Gujarat Titans,field,Mumbai Indians,5.0,,win,TH David,3,615,615,3,6550.0
1304098,2022,6,Mumbai,2022-05-07,Indian Premier League,52.0,male,T20,T20,20,2022,club,"Wankhede Stadium, Mumbai",Punjab Kings,Punjab Kings,Rajasthan Royals,bat,Rajasthan Royals,,6.0,win,YBK Jaiswal,494,134,494,134,4104.0
1304099,2022,6,Pune,2022-05-07,Indian Premier League,53.0,male,T20,T20,20,2022,club,"Maharashtra Cricket Association Stadium, Pune",Kolkata Knight Riders,Lucknow Super Giants,Kolkata Knight Riders,field,Lucknow Super Giants,75.0,,win,Avesh Khan,614,6,6,614,1286.0
1304100,2022,6,Mumbai,2022-05-08,Indian Premier League,54.0,male,T20,T20,20,2022,club,"Wankhede Stadium, Mumbai",Royal Challengers Bangalore,Royal Challengers Bangalore,Sunrisers Hyderabad,bat,Royal Challengers Bangalore,67.0,,win,PWH de Silva,1,2,1,1,5980.0
1304101,2022,6,Navi Mumbai,2022-05-08,Indian Premier League,55.0,male,T20,T20,20,2022,club,"Dr DY Patil Sports Academy, Mumbai",Delhi Capitals,Chennai Super Kings,Delhi Capitals,field,Chennai Super Kings,91.0,,win,DP Conway,129,252,252,129,6657.0
1304102,2022,6,Navi Mumbai,2022-05-09,Indian Premier League,56.0,male,T20,T20,20,2022,club,"Dr DY Patil Sports Academy, Mumbai",Mumbai Indians,Kolkata Knight Riders,Mumbai Indians,field,Kolkata Knight Riders,52.0,,win,JJ Bumrah,6,3,3,6,33.0
1304103,2022,6,Pune,2022-05-10,Indian Premier League,57.0,male,T20,T20,20,2022,club,"Maharashtra Cricket Association Stadium, Pune",Gujarat Titans,Gujarat Titans,Lucknow Super Giants,bat,Gujarat Titans,62.0,,win,Shubman Gill,615,614,615,615,1580.0
1304104,2022,6,Navi Mumbai,2022-05-11,Indian Premier League,58.0,male,T20,T20,20,2022,club,"Dr DY Patil Sports Academy, Mumbai",Delhi Capitals,Rajasthan Royals,Delhi Capitals,field,Delhi Capitals,,8.0,win,MR Marsh,134,252,252,252,4960.0
1304105,2022,6,Mumbai,2022-05-12,Indian Premier League,59.0,male,T20,T20,20,2022,club,"Wankhede Stadium, Mumbai",Mumbai Indians,Chennai Super Kings,Mumbai Indians,field,Mumbai Indians,,5.0,win,DR Sams,129,3,3,3,4320.0
1304106,2022,6,Mumbai,2022-05-13,Indian Premier League,60.0,male,T20,T20,20,2022,club,"Brabourne Stadium, Mumbai",Royal Challengers Bangalore,Punjab Kings,Royal Challengers Bangalore,field,Punjab Kings,54.0,,win,JM Bairstow,494,1,1,494,2719.0
1304107,2022,6,Pune,2022-05-14,Indian Premier League,61.0,male,T20,T20,20,2022,club,"Maharashtra Cricket Association Stadium, Pune",Kolkata Knight Riders,Kolkata Knight Riders,Sunrisers Hyderabad,bat,Kolkata Knight Riders,54.0,,win,AD Russell,6,2,6,6,1437.0
1304108,2022,6,Mumbai,2022-05-15,Indian Premier League,62.0,male,T20,T20,20,2022,club,"Wankhede Stadium, Mumbai",Chennai Super Kings,Chennai Super Kings,Gujarat Titans,bat,Gujarat Titans,,7.0,win,WP Saha,129,615,129,615,69.0
1304109,2022,6,Mumbai,2022-05-15,Indian Premier League,63.0,male,T20,T20,20,2022,club,"Brabourne Stadium, Mumbai",Rajasthan Royals,Rajasthan Royals,Lucknow Super Giants,bat,Rajasthan Royals,24.0,,win,TA Boult,134,614,134,134,66.0
1304110,2022,6,Navi Mumbai,2022-05-16,Indian Premier League,64.0,male,T20,T20,20,2022,club,"Dr DY Patil Sports Academy, Mumbai",Punjab Kings,Delhi Capitals,Punjab Kings,field,Delhi Capitals,17.0,,win,SN Thakur,252,494,494,252,360.0
1304111,2022,6,Mumbai,2022-05-17,Indian Premier League,65.0,male,T20,T20,20,2022,club,"Wankhede Stadium, Mumbai",Mumbai Indians,Sunrisers Hyderabad,Mumbai Indians,field,Sunrisers Hyderabad,3.0,,win,RA Tripathi,2,3,3,2,268.0
1304112,2022,6,Navi Mumbai,2022-05-18,Indian Premier League,66.0,male,T20,T20,20,2022,club,"Dr DY Patil Sports Academy, Mumbai",Lucknow Super Giants,Lucknow Super Giants,Kolkata Knight Riders,bat,Lucknow Super Giants,2.0,,win,Q de Kock,614,6,614,614,1421.0
1304113,2022,6,Mumbai,2022-05-19,Indian Premier League,67.0,male,T20,T20,20,2022,club,"Wankhede Stadium, Mumbai",Gujarat Titans,Gujarat Titans,Royal Challengers Bangalore,bat,Royal Challengers Bangalore,,8.0,win,V Kohli,615,1,615,1,332.0
1304114,2022,6,Mumbai,2022-05-20,Indian Premier League,68.0,male,T20,T20,20,2022,club,"Brabourne Stadium, Mumbai",Chennai Super Kings,Chennai Super Kings,Rajasthan Royals,bat,Rajasthan Royals,,5.0,win,R Ashwin,129,134,129,134,1416.0
1304115,2022,6,Mumbai,2022-05-21,Indian Premier League,69.0,male,T20,T20,20,2022,club,"Wankhede Stadium, Mumbai",Mumbai Indians,Delhi Capitals,Mumbai Indians,field,Mumbai Indians,,5.0,win,JJ Bumrah,252,3,3,3,33.0
1304116,2022,6,Mumbai,2022-05-22,Indian Premier League,70.0,male,T20,T20,20,2022,club,"Wankhede Stadium, Mumbai",Sunrisers Hyderabad,Sunrisers Hyderabad,Punjab Kings,bat,Punjab Kings,,5.0,win,Harpreet Brar,2,494,2,494,3495.0
1312197,2022,6,Kolkata,2022-05-24,Indian Premier League,,male,T20,T20,20,2022,club,"Eden Gardens, Kolkata",Gujarat Titans,Rajasthan Royals,Gujarat Titans,field,Gujarat Titans,,7.0,win,DA Miller,134,615,615,615,72.0
1312198,2022,6,Kolkata,2022-05-25,Indian Premier League,,male,T20,T20,20,2022,club,"Eden Gardens, Kolkata",Lucknow Super Giants,Royal Challengers Bangalore,Lucknow Super Giants,field,Royal Challengers Bangalore,14.0,,win,RM Patidar,1,614,614,1,5349.0
1312199,2022,6,Ahmedabad,2022-05-27,Indian Premier League,,male,T20,T20,20,2022,club,"Narendra Modi Stadium, Ahmedabad",Rajasthan Royals,Royal Challengers Bangalore,Rajasthan Royals,field,Rajasthan Royals,,7.0,win,JC Buttler,1,134,134,134,24.0
1312200,2022,6,Ahmedabad,2022-05-29,Indian Premier League,,male,T20,T20,20,2022,club,"Narendra Modi Stadium, Ahmedabad",Rajasthan Royals,Rajasthan Royals,Gujarat Titans,bat,Gujarat Titans,,7.0,win,HH Pandya,134,615,134,615,30.0
1359475,2023,6,Ahmedabad,2023-03-31,Indian Premier League,1.0,male,T20,T20,20,2023,club,"Narendra Modi Stadium, Ahmedabad",Gujarat Titans,Chennai Super Kings,Gujarat Titans,field,Gujarat Titans,,5.0,win,Rashid Khan,129,615,615,615,22.0
1359476,2023,6,Chandigarh,2023-04-01,Indian Premier League,2.0,male,T20,T20,20,2023,club,"Punjab Cricket Association IS Bindra Stadium, Mohali, Chandigarh",Kolkata Knight Riders,Punjab Kings,Kolkata Knight Riders,field,Punjab Kings,7.0,,win,Arshdeep Singh,494,6,6,494,3388.0
1359477,2023,6,Lucknow,2023-04-01,Indian Premier League,3.0,male,T20,T20,20,2023,club,"Bharat Ratna Shri Atal Bihari Vajpayee Ekana Cricket Stadium, Lucknow",Delhi Capitals,Lucknow Super Giants,Delhi Capitals,field,Lucknow Super Giants,50.0,,win,MA Wood,614,252,252,614,1396.0
1359478,2023,6,Hyderabad,2023-04-02,Indian Premier League,4.0,male,T20,T20,20,2023,club,"Rajiv Gandhi International Stadium, Uppal, Hyderabad",Sunrisers Hyderabad,Rajasthan Royals,Sunrisers Hyderabad,field,Rajasthan Royals,72.0,,win,JC Buttler,134,2,2,134,24.0
1359479,2023,6,Bengaluru,2023-04-02,Indian Premier League,5.0,male,T20,T20,20,2023,club,"M Chinnaswamy Stadium, Bengaluru",Royal Challengers Bangalore,Mumbai Indians,Royal Challengers Bangalore,field,Royal Challengers Bangalore,,8.0,win,F du Plessis,3,1,1,1,267.0
1359480,2023,6,Chennai,2023-04-03,Indian Premier League,6.0,male,T20,T20,20,2023,club,"MA Chidambaram Stadium, Chepauk, Chennai",Lucknow Super Giants,Chennai Super Kings,Lucknow Super Giants,field,Chennai Super Kings,12.0,,win,MM Ali,129,614,614,129,2227.0
1359481,2023,6,Delhi,2023-04-04,Indian Premier League,7.0,male,T20,T20,20,2023,club,"Arun Jaitley Stadium, Delhi",Gujarat Titans,Delhi Capitals,Gujarat Titans,field,Gujarat Titans,,6.0,win,B Sai Sudharsan,252,615,615,615,6999.0
1359482,2023,6,Guwahati,2023-04-05,Indian Premier League,8.0,male,T20,T20,20,2023,club,"Barsapara Cricket Stadium, Guwahati",Rajasthan Royals,Punjab Kings,Rajasthan Royals,field,Punjab Kings,5.0,,win,NT Ellis,494,134,134,494,6245.0
1359483,2023,6,Kolkata,2023-04-06,Indian Premier League,9.0,male,T20,T20,20,2023,club,"Eden Gardens, Kolkata",Royal Challengers Bangalore,Kolkata Knight Riders,Royal Challengers Bangalore,field,Kolkata Knight Riders,81.0,,win,SN Thakur,6,1,1,6,360.0
1359484,2023,6,Lucknow,2023-04-07,Indian Premier League,10.0,male,T20,T20,20,2023,club,"Bharat Ratna Shri Atal Bihari Vajpayee Ekana Cricket Stadium, Lucknow",Sunrisers Hyderabad,Sunrisers Hyderabad,Lucknow Super Giants,bat,Lucknow Super Giants,,5.0,win,KH Pandya,2,614,2,614,28.0
1359485,2023,6,Guwahati,2023-04-08,Indian Premier League,11.0,male,T20,T20,20,2023,club,"Barsapara Cricket Stadium, Guwahati",Delhi Capitals,Rajasthan Royals,Delhi Capitals,field,Rajasthan Royals,57.0,,win,YBK Jaiswal,134,252,252,134,4104.0
1359486,2023,6,Mumbai,2023-04-08,Indian Premier League,12.0,male,T20,T20,20,2023,club,"Wankhede Stadium, Mumbai",Chennai Super Kings,Mumbai Indians,Chennai Super Kings,field,Chennai Super Kings,,7.0,win,RA Jadeja,3,129,129,129,348.0
1359487,2023,6,Ahmedabad,2023-04-09,Indian Premier League,13.0,male,T20,T20,20,2023,club,"Narendra Modi Stadium, Ahmedabad",Gujarat Titans,Gujarat Titans,Kolkata Knight Riders,bat,Kolkata Knight Riders,,3.0,win,RK Singh,615,6,615,6,1436.0
1359488,2023,6,Hyderabad,2023-04-09,Indian Premier League,14.0,male,T20,T20,20,2023,club,"Rajiv Gandhi International Stadium, Uppal, Hyderabad",Sunrisers Hyderabad,Punjab Kings,Sunrisers Hyderabad,field,Sunrisers Hyderabad,,8.0,win,S Dhawan,494,2,2,2,13.0
1359489,2023,6,Bengaluru,2023-04-10,Indian Premier League,15.0,male,T20,T20,20,2023,club,"M Chinnaswamy Stadium, Bengaluru",Lucknow Super Giants,Royal Challengers Bangalore,Lucknow Super Giants,field,Lucknow Super Giants,,1.0,win,N Pooran,1,614,614,614,2766.0
1359490,2023,6,Delhi,2023-04-11,Indian Premier League,16.0,male,T20,T20,20,2023,club,"Arun Jaitley Stadium, Delhi",Mumbai Indians,Delhi Capitals,Mumbai Indians,field,Mumbai Indians,,6.0,win,RG Sharma,252,3,3,3,25.0
1359491,2023,6,Chennai,2023-04-12,Indian Premier League,17.0,male,T20,T20,20,2023,club,"MA Chidambaram Stadium, Chepauk, Chennai",Chennai Super Kings,Rajasthan Royals,Chennai Super Kings,field,Rajasthan Royals,3.0,,win,R Ashwin,134,129,129,134,1416.0
1359492,2023,6,Chandigarh,2023-04-13,Indian Premier League,18.0,male,T20,T20,20,2023,club,"Punjab Cricket Association IS Bindra Stadium, Mohali, Chandigarh",Gujarat Titans,Punjab Kings,Gujarat Titans,field,Gujarat Titans,,6.0,win,MM Sharma,494,615,615,615,75.0
1359493,2023,6,Kolkata,2023-04-14,Indian Premier League,19.0,male,T20,T20,20,2023,club,"Eden Gardens, Kolkata",Kolkata Knight Riders,Sunrisers Hyderabad,Kolkata Knight Riders,field,Sunrisers Hyderabad,23.0,,win,HC Brook,2,6,6,2,8372.0
1359494,2023,6,Bengaluru,2023-04-15,Indian Premier League,20.0,male,T20,T20,20,2023,club,"M Chinnaswamy Stadium, Bengaluru",Delhi Capitals,Royal Challengers Bangalore,Delhi Capitals,field,Royal Challengers Bangalore,23.0,,win,V Kohli,1,252,252,1,332.0
1359495,2023,6,Lucknow,2023-04-15,Indian Premier League,21.0,male,T20,T20,20,2023,club,"Bharat Ratna Shri Atal Bihari Vajpayee Ekana Cricket Stadium, Lucknow",Punjab Kings,Lucknow Super Giants,Punjab Kings,field,Punjab Kings,,2.0,win,Sikandar Raza,614,494,494,494,8312.0
1359496,2023,6,Mumbai,2023-04-16,Indian Premier League,22.0,male,T20,T20,20,2023,club,"Wankhede Stadium, Mumbai",Mumbai Indians,Kolkata Knight Riders,Mumbai Indians,field,Mumbai Indians,,5.0,win,VR Iyer,6,3,3,3,5986.0
1359497,2023,6,Ahmedabad,2023-04-16,Indian Premier League,23.0,male,T20,T20,20,2023,club,"Narendra Modi Stadium, Ahmedabad",Rajasthan Royals,Gujarat Titans,Rajasthan Royals,field,Rajasthan Royals,,3.0,win,SO Hetmyer,615,134,134,134,2700.0
1359498,2023,6,Bengaluru,2023-04-17,Indian Premier League,24.0,male,T20,T20,20,2023,club,"M Chinnaswamy Stadium, Bengaluru",Royal Challengers Bangalore,Chennai Super Kings,Royal Challengers Bangalore,field,Chennai Super Kings,8.0,,win,DP Conway,129,1,1,129,6657.0
1359499,2023,6,Hyderabad,2023-04-18,Indian Premier League,25.0,male,T20,T20,20,2023,club,"Rajiv Gandhi International Stadium, Uppal, Hyderabad",Sunrisers Hyderabad,Mumbai Indians,Sunrisers Hyderabad,field,Mumbai Indians,14.0,,win,C Green,3,2,2,3,8383.0
1359500,2023,6,Jaipur,2023-04-19,Indian Premier League,26.0,male,T20,T20,20,2023,club,"Sawai Mansingh Stadium, Jaipur",Rajasthan Royals,Lucknow Super Giants,Rajasthan Royals,field,Lucknow Super Giants,10.0,,win,MP Stoinis,614,134,134,614,73.0
1359501,2023,6,Chandigarh,2023-04-20,Indian Premier League,27.0,male,T20,T20,20,2023,club,"Punjab Cricket Association IS Bindra Stadium, Mohali, Chandigarh",Punjab Kings,Royal Challengers Bangalore,Punjab Kings,field,Royal Challengers Bangalore,24.0,,win,Mohammed Siraj,1,494,494,1,538.0
1359502,2023,6,Delhi,2023-04-20,Indian Premier League,28.0,male,T20,T20,20,2023,club,"Arun Jaitley Stadium, Delhi",Delhi Capitals,Kolkata Knight Riders,Delhi Capitals,field,Delhi Capitals,,4.0,win,I Sharma,6,252,252,252,308.0
1359503,2023,6,Chennai,2023-04-21,Indian Premier League,29.0,male,T20,T20,20,2023,club,"MA Chidambaram Stadium, Chepauk, Chennai",Chennai Super Kings,Sunrisers Hyderabad,Chennai Super Kings,field,Chennai Super Kings,,7.0,win,RA Jadeja,2,129,129,129,348.0
1359504,2023,6,Lucknow,2023-04-22,Indian Premier League,30.0,male,T20,T20,20,2023,club,"Bharat Ratna Shri Atal Bihari Vajpayee Ekana Cricket Stadium, Lucknow",Gujarat Titans,Gujarat Titans,Lucknow Super Giants,bat,Gujarat Titans,7.0,,win,MM Sharma,615,614,615,615,75.0
1359505,2023,6,Mumbai,2023-04-22,Indian Premier League,31.0,male,T20,T20,20,2023,club,"Wankhede Stadium, Mumbai",Mumbai Indians,Punjab Kings,Mumbai Indians,field,Punjab Kings,13.0,,win,SM Curran,494,3,3,494,2768.0
1359506,2023,6,Bengaluru,2023-04-23,Indian Premier League,32.0,male,T20,T20,20,2023,club,"M Chinnaswamy Stadium, Bengaluru",Rajasthan Royals,Royal Challengers Bangalore,Rajasthan Royals,field,Royal Challengers Bangalore,7.0,,win,GJ Maxwell,1,134,134,1,71.0
1359507,2023,6,Kolkata,2023-04-23,Indian Premier League,33.0,male,T20,T20,20,2023,club,"Eden Gardens, Kolkata",Kolkata Knight Riders,Chennai Super Kings,Kolkata Knight Riders,field,Chennai Super Kings,49.0,,win,AM Rahane,129,6,6,129,34.0
1359508,2023,6,Hyderabad,2023-04-24,Indian Premier League,34.0,male,T20,T20,20,2023,club,"Rajiv Gandhi International Stadium, Uppal, Hyderabad",Delhi Capitals,Delhi Capitals,Sunrisers Hyderabad,bat,Delhi Capitals,7.0,,win,AR Patel,252,2,252,252,70.0
1359509,2023,6,Ahmedabad,2023-04-25,Indian Premier League,35.0,male,T20,T20,20,2023,club,"Narendra Modi Stadium, Ahmedabad",Mumbai Indians,Gujarat Titans,Mumbai Indians,field,Gujarat Titans,55.0,,win,A Manohar,615,3,3,615,6739.0
1359510,2023,6,Bengaluru,2023-04-26,Indian Premier League,36.0,male,T20,T20,20,2023,club,"M Chinnaswamy Stadium, Bengaluru",Royal Challengers Bangalore,Kolkata Knight Riders,Royal Challengers Bangalore,field,Kolkata Knight Riders,21.0,,win,CV Varun,6,1,1,6,2825.0
1359511,2023,6,Jaipur,2023-04-27,Indian Premier League,37.0,male,T20,T20,20,2023,club,"Sawai Mansingh Stadium, Jaipur",Rajasthan Royals,Rajasthan Royals,Chennai Super Kings,bat,Rajasthan Royals,32.0,,win,YBK Jaiswal,134,129,134,134,4104.0
1359512,2023,6,Chandigarh,2023-04-28,Indian Premier League,38.0,male,T20,T20,20,2023,club,"Punjab Cricket Association IS Bindra Stadium, Mohali, Chandigarh",Punjab Kings,Lucknow Super Giants,Punjab Kings,field,Lucknow Super Giants,56.0,,win,MP Stoinis,614,494,494,614,73.0
1359513,2023,6,Kolkata,2023-04-29,Indian Premier League,39.0,male,T20,T20,20,2023,club,"Eden Gardens, Kolkata",Gujarat Titans,Kolkata Knight Riders,Gujarat Titans,field,Gujarat Titans,,7.0,win,J Little,6,615,615,615,8305.0
1359514,2023,6,Delhi,2023-04-29,Indian Premier League,40.0,male,T20,T20,20,2023,club,"Arun Jaitley Stadium, Delhi",Sunrisers Hyderabad,Sunrisers Hyderabad,Delhi Capitals,bat,Sunrisers Hyderabad,9.0,,win,MR Marsh,2,252,2,2,4960.0
1359515,2023,6,Chennai,2023-04-30,Indian Premier League,41.0,male,T20,T20,20,2023,club,"MA Chidambaram Stadium, Chepauk, Chennai",Chennai Super Kings,Chennai Super Kings,Punjab Kings,bat,Punjab Kings,,4.0,win,DP Conway,129,494,129,494,6657.0
1359516,2023,6,Mumbai,2023-04-30,Indian Premier League,42.0,male,T20,T20,20,2023,club,"Wankhede Stadium, Mumbai",Rajasthan Royals,Rajasthan Royals,Mumbai Indians,bat,Mumbai Indians,,6.0,win,YBK Jaiswal,134,3,134,3,4104.0
1359517,2023,6,Lucknow,2023-05-01,Indian Premier League,43.0,male,T20,T20,20,2023,club,"Bharat Ratna Shri Atal Bihari Vajpayee Ekana Cricket Stadium, Lucknow",Royal Challengers Bangalore,Royal Challengers Bangalore,Lucknow Super Giants,bat,Royal Challengers Bangalore,18.0,,win,F du Plessis,1,614,1,1,267.0
1359518,2023,6,Ahmedabad,2023-05-02,Indian Premier League,44.0,male,T20,T20,20,2023,club,"Narendra Modi Stadium, Ahmedabad",Delhi Capitals,Delhi Capitals,Gujarat Titans,bat,Delhi Capitals,5.0,,win,Mohammed Shami,252,615,252,252,460.0
1359519,2023,6,Lucknow,2023-05-03,Indian Premier League,45.0,male,T20,T20,20,2023,club,"Bharat Ratna Shri Atal Bihari Vajpayee Ekana Cricket Stadium, Lucknow",Chennai Super Kings,Lucknow Super Giants,Chennai Super Kings,field,Chennai Super Kings,,,no result,,614,129,129,129,
1359520,2023,6,Chandigarh,2023-05-03,Indian Premier League,46.0,male,T20,T20,20,2023,club,"Punjab Cricket Association IS Bindra Stadium, Mohali, Chandigarh",Mumbai Indians,Punjab Kings,Mumbai Indians,field,Mumbai Indians,,6.0,win,Ishan Kishan,494,3,3,3,347.0
1359521,2023,6,Hyderabad,2023-05-04,Indian Premier League,47.0,male,T20,T20,20,2023,club,"Rajiv Gandhi International Stadium, Uppal, Hyderabad",Kolkata Knight Riders,Kolkata Knight Riders,Sunrisers Hyderabad,bat,Kolkata Knight Riders,5.0,,win,CV Varun,6,2,6,6,2825.0
1359522,2023,6,Jaipur,2023-05-05,Indian Premier League,48.0,male,T20,T20,20,2023,club,"Sawai Mansingh Stadium, Jaipur",Rajasthan Royals,Rajasthan Royals,Gujarat Titans,bat,Gujarat Titans,,9.0,win,Rashid Khan,134,615,134,615,22.0
1359523,2023,6,Chennai,2023-05-06,Indian Premier League,49.0,male,T20,T20,20,2023,club,"MA Chidambaram Stadium, Chepauk, Chennai",Chennai Super Kings,Mumbai Indians,Chennai Super Kings,field,Chennai Super Kings,,6.0,win,M Pathirana,3,129,129,129,8007.0
1359524,2023,6,Delhi,2023-05-06,Indian Premier League,50.0,male,T20,T20,20,2023,club,"Arun Jaitley Stadium, Delhi",Royal Challengers Bangalore,Royal Challengers Bangalore,Delhi Capitals,bat,Delhi Capitals,,7.0,win,PD Salt,1,252,1,252,8945.0
1359525,2023,6,Ahmedabad,2023-05-07,Indian Premier League,51.0,male,T20,T20,20,2023,club,"Narendra Modi Stadium, Ahmedabad",Lucknow Super Giants,Gujarat Titans,Lucknow Super Giants,field,Gujarat Titans,56.0,,win,Shubman Gill,615,614,614,615,1580.0
1359526,2023,6,Jaipur,2023-05-07,Indian Premier League,52.0,male,T20,T20,20,2023,club,"Sawai Mansingh Stadium, Jaipur",Rajasthan Royals,Rajasthan Royals,Sunrisers Hyderabad,bat,Sunrisers Hyderabad,,4.0,win,GD Phillips,134,2,134,2,6033.0
1359527,2023,6,Kolkata,2023-05-08,Indian Premier League,53.0,male,T20,T20,20,2023,club,"Eden Gardens, Kolkata",Punjab Kings,Punjab Kings,Kolkata Knight Riders,bat,Kolkata Knight Riders,,5.0,win,AD Russell,494,6,494,6,1437.0
1359528,2023,6,Mumbai,2023-05-09,Indian Premier League,54.0,male,T20,T20,20,2023,club,"Wankhede Stadium, Mumbai",Mumbai Indians,Royal Challengers Bangalore,Mumbai Indians,field,Mumbai Indians,,6.0,win,SA Yadav,1,3,3,3,61.0
1359529,2023,6,Chennai,2023-05-10,Indian Premier League,55.0,male,T20,T20,20,2023,club,"MA Chidambaram Stadium, Chepauk, Chennai",Chennai Super Kings,Chennai Super Kings,Delhi Capitals,bat,Chennai Super Kings,27.0,,win,RA Jadeja,129,252,129,129,348.0
1359530,2023,6,Kolkata,2023-05-11,Indian Premier League,56.0,male,T20,T20,20,2023,club,"Eden Gardens, Kolkata",Rajasthan Royals,Kolkata Knight Riders,Rajasthan Royals,field,Rajasthan Royals,,9.0,win,YBK Jaiswal,6,134,134,134,4104.0
1359531,2023,6,Mumbai,2023-05-12,Indian Premier League,57.0,male,T20,T20,20,2023,club,"Wankhede Stadium, Mumbai",Gujarat Titans,Mumbai Indians,Gujarat Titans,field,Mumbai Indians,27.0,,win,SA Yadav,3,615,615,3,61.0
1359532,2023,6,Hyderabad,2023-05-13,Indian Premier League,58.0,male,T20,T20,20,2023,club,"Rajiv Gandhi International Stadium, Uppal, Hyderabad",Sunrisers Hyderabad,Sunrisers Hyderabad,Lucknow Super Giants,bat,Lucknow Super Giants,,7.0,win,PN Mankad,2,614,2,614,8191.0
1359533,2023,6,Delhi,2023-05-13,Indian Premier League,59.0,male,T20,T20,20,2023,club,"Arun Jaitley Stadium, Delhi",Delhi Capitals,Punjab Kings,Delhi Capitals,field,Punjab Kings,31.0,,win,P Simran Singh,494,252,252,494,3747.0
1359534,2023,6,Jaipur,2023-05-14,Indian Premier League,60.0,male,T20,T20,20,2023,club,"Sawai Mansingh Stadium, Jaipur",Royal Challengers Bangalore,Royal Challengers Bangalore,Rajasthan Royals,bat,Royal Challengers Bangalore,112.0,,win,WD Parnell,1,134,1,1,8626.0
1359535,2023,6,Chennai,2023-05-14,Indian Premier League,61.0,male,T20,T20,20,2023,club,"MA Chidambaram Stadium, Chepauk, Chennai",Chennai Super Kings,Chennai Super Kings,Kolkata Knight Riders,bat,Kolkata Knight Riders,,6.0,win,RK Singh,129,6,129,6,1436.0
1359536,2023,6,Ahmedabad,2023-05-15,Indian Premier League,62.0,male,T20,T20,20,2023,club,"Narendra Modi Stadium, Ahmedabad",Sunrisers Hyderabad,Gujarat Titans,Sunrisers Hyderabad,field,Gujarat Titans,34.0,,win,Shubman Gill,615,2,2,615,1580.0
1359537,2023,6,Lucknow,2023-05-16,Indian Premier League,63.0,male,T20,T20,20,2023,club,"Bharat Ratna Shri Atal Bihari Vajpayee Ekana Cricket Stadium, Lucknow",Mumbai Indians,Lucknow Super Giants,Mumbai Indians,field,Lucknow Super Giants,5.0,,win,MP Stoinis,614,3,3,614,73.0
1359538,2023,6,Dharamsala,2023-05-17,Indian Premier League,64.0,male,T20,T20,20,2023,club,"Himachal Pradesh Cricket Association Stadium, Dharamsala",Punjab Kings,Delhi Capitals,Punjab Kings,field,Delhi Capitals,15.0,,win,RR Rossouw,252,494,494,252,8349.0
1359539,2023,6,Hyderabad,2023-05-18,Indian Premier League,65.0,male,T20,T20,20,2023,club,"Rajiv Gandhi International Stadium, Uppal, Hyderabad",Royal Challengers Bangalore,Sunrisers Hyderabad,Royal Challengers Bangalore,field,Royal Challengers Bangalore,,8.0,win,V Kohli,2,1,1,1,332.0
1359540,2023,6,Dharamsala,2023-05-19,Indian Premier League,66.0,male,T20,T20,20,2023,club,"Himachal Pradesh Cricket Association Stadium, Dharamsala",Rajasthan Royals,Punjab Kings,Rajasthan Royals,field,Rajasthan Royals,,4.0,win,D Padikkal,494,134,134,134,4071.0
1359541,2023,6,Delhi,2023-05-20,Indian Premier League,67.0,male,T20,T20,20,2023,club,"Arun Jaitley Stadium, Delhi",Chennai Super Kings,Chennai Super Kings,Delhi Capitals,bat,Chennai Super Kings,77.0,,win,RD Gaikwad,129,252,129,129,4119.0
1359542,2023,6,Kolkata,2023-05-20,Indian Premier League,68.0,male,T20,T20,20,2023,club,"Eden Gardens, Kolkata",Kolkata Knight Riders,Lucknow Super Giants,Kolkata Knight Riders,field,Lucknow Super Giants,1.0,,win,N Pooran,614,6,6,614,2766.0
1359543,2023,6,Mumbai,2023-05-21,Indian Premier League,69.0,male,T20,T20,20,2023,club,"Wankhede Stadium, Mumbai",Mumbai Indians,Sunrisers Hyderabad,Mumbai Indians,field,Mumbai Indians,,8.0,win,C Green,2,3,3,3,8383.0
1359544,2023,6,Bengaluru,2023-05-21,Indian Premier League,70.0,male,T20,T20,20,2023,club,"M Chinnaswamy Stadium, Bengaluru",Gujarat Titans,Royal Challengers Bangalore,Gujarat Titans,field,Gujarat Titans,,6.0,win,Shubman Gill,1,615,615,615,1580.0
1370350,2023,6,Chennai,2023-05-23,Indian Premier League,,male,T20,T20,20,2023,club,"MA Chidambaram Stadium, Chepauk, Chennai",Gujarat Titans,Chennai Super Kings,Gujarat Titans,field,Chennai Super Kings,15.0,,win,RD Gaikwad,129,615,615,129,4119.0
1370351,2023,6,Chennai,2023-05-24,Indian Premier League,,male,T20,T20,20,2023,club,"MA Chidambaram Stadium, Chepauk, Chennai",Mumbai Indians,Mumbai Indians,Lucknow Super Giants,bat,Mumbai Indians,81.0,,win,Akash Madhwal,3,614,3,3,9371.0
1370352,2023,6,Ahmedabad,2023-05-26,Indian Premier League,,male,T20,T20,20,2023,club,"Narendra Modi Stadium, Ahmedabad",Mumbai Indians,Gujarat Titans,Mumbai Indians,field,Gujarat Titans,62.0,,win,Shubman Gill,615,3,3,615,1580.0
1370353,2023,6,Ahmedabad,2023-05-29,Indian Premier League,,male,T20,T20,20,2023,club,"Narendra Modi Stadium, Ahmedabad",Chennai Super Kings,Gujarat Titans,Chennai Super Kings,field,Chennai Super Kings,,5.0,win,DP Conway,615,129,129,129,6657.0
1422119,2024,6,Chennai,2024-03-22,Indian Premier League,1.0,male,T20,T20,20,2024,club,"MA Chidambaram Stadium, Chepauk, Chennai",Royal Challengers Bangalore,Royal Challengers Bangalore,Chennai Super Kings,bat,Chennai Super Kings,,6.0,win,Mustafizur Rahman,1,129,1,129,297.0
1422120,2024,6,Mohali,2024-03-23,Indian Premier League,2.0,male,T20,T20,20,2024,club,"Maharaja Yadavindra Singh International Cricket Stadium, Mullanpur",Punjab Kings,Delhi Capitals,Punjab Kings,field,Punjab Kings,,4.0,win,SM Curran,252,494,494,494,2768.0
1422121,2024,6,Kolkata,2024-03-23,Indian Premier League,3.0,male,T20,T20,20,2024,club,"Eden Gardens, Kolkata",Sunrisers Hyderabad,Kolkata Knight Riders,Sunrisers Hyderabad,field,Kolkata Knight Riders,4.0,,win,AD Russell,6,2,2,6,1437.0
1422122,2024,6,Jaipur,2024-03-24,Indian Premier League,4.0,male,T20,T20,20,2024,club,"Sawai Mansingh Stadium, Jaipur",Rajasthan Royals,Rajasthan Royals,Lucknow Super Giants,bat,Rajasthan Royals,20.0,,win,SV Samson,134,614,134,134,180.0
1422123,2024,6,Ahmedabad,2024-03-24,Indian Premier League,5.0,male,T20,T20,20,2024,club,"Narendra Modi Stadium, Ahmedabad",Mumbai Indians,Gujarat Titans,Mumbai Indians,field,Gujarat Titans,6.0,,win,B Sai Sudharsan,615,3,3,615,6999.0
1422124,2024,6,Bengaluru,2024-03-25,Indian Premier League,6.0,male,T20,T20,20,2024,club,"M Chinnaswamy Stadium, Bengaluru",Royal Challengers Bangalore,Punjab Kings,Royal Challengers Bangalore,field,Royal Challengers Bangalore,,4.0,win,V Kohli,494,1,1,1,332.0
1422125,2024,6,Chennai,2024-03-26,Indian Premier League,7.0,male,T20,T20,20,2024,club,"MA Chidambaram Stadium, Chepauk, Chennai",Gujarat Titans,Chennai Super Kings,Gujarat Titans,field,Chennai Super Kings,63.0,,win,S Dube,129,615,615,129,2701.0
1422126,2024,6,Hyderabad,2024-03-27,Indian Premier League,8.0,male,T20,T20,20,2024,club,"Rajiv Gandhi International Stadium, Uppal, Hyderabad",Mumbai Indians,Sunrisers Hyderabad,Mumbai Indians,field,Sunrisers Hyderabad,31.0,,win,Abhishek Sharma,2,3,3,2,2349.0
1422127,2024,6,Jaipur,2024-03-28,Indian Premier League,9.0,male,T20,T20,20,2024,club,"Sawai Mansingh Stadium, Jaipur",Delhi Capitals,Rajasthan Royals,Delhi Capitals,field,Rajasthan Royals,12.0,,win,R Parag,134,252,252,134,3230.0
1422128,2024,6,Bengaluru,2024-03-29,Indian Premier League,10.0,male,T20,T20,20,2024,club,"M Chinnaswamy Stadium, Bengaluru",Kolkata Knight Riders,Royal Challengers Bangalore,Kolkata Knight Riders,field,Kolkata Knight Riders,,7.0,win,SP Narine,1,6,6,6,65.0
1422129,2024,6,Lucknow,2024-03-30,Indian Premier League,11.0,male,T20,T20,20,2024,club,"Bharat Ratna Shri Atal Bihari Vajpayee Ekana Cricket Stadium, Lucknow",Lucknow Super Giants,Lucknow Super Giants,Punjab Kings,bat,Lucknow Super Giants,21.0,,win,MP Yadav,614,494,614,614,10302.0
1422130,2024,6,Ahmedabad,2024-03-31,Indian Premier League,12.0,male,T20,T20,20,2024,club,"Narendra Modi Stadium, Ahmedabad",Sunrisers Hyderabad,Sunrisers Hyderabad,Gujarat Titans,bat,Gujarat Titans,,7.0,win,MM Sharma,2,615,2,615,75.0
1422131,2024,6,Visakhapatnam,2024-03-31,Indian Premier League,13.0,male,T20,T20,20,2024,club,"Dr. Y.S. Rajasekhara Reddy ACA-VDCA Cricket Stadium, Visakhapatnam",Delhi Capitals,Delhi Capitals,Chennai Super Kings,bat,Delhi Capitals,20.0,,win,KK Ahmed,252,129,252,252,2662.0
1422132,2024,6,Mumbai,2024-04-01,Indian Premier League,14.0,male,T20,T20,20,2024,club,"Wankhede Stadium, Mumbai",Rajasthan Royals,Mumbai Indians,Rajasthan Royals,field,Rajasthan Royals,,6.0,win,TA Boult,3,134,134,134,66.0
1422133,2024,6,Bengaluru,2024-04-02,Indian Premier League,15.0,male,T20,T20,20,2024,club,"M Chinnaswamy Stadium, Bengaluru",Royal Challengers Bangalore,Lucknow Super Giants,Royal Challengers Bangalore,field,Lucknow Super Giants,28.0,,win,MP Yadav,614,1,1,614,10302.0
1422134,2024,6,Visakhapatnam,2024-04-03,Indian Premier League,16.0,male,T20,T20,20,2024,club,"Dr. Y.S. Rajasekhara Reddy ACA-VDCA Cricket Stadium, Visakhapatnam",Kolkata Knight Riders,Kolkata Knight Riders,Delhi Capitals,bat,Kolkata Knight Riders,106.0,,win,SP Narine,6,252,6,6,65.0
1422135,2024,6,Ahmedabad,2024-04-04,Indian Premier League,17.0,male,T20,T20,20,2024,club,"Narendra Modi Stadium, Ahmedabad",Punjab Kings,Gujarat Titans,Punjab Kings,field,Punjab Kings,,3.0,win,Shashank Singh,615,494,494,494,7024.0
1422136,2024,6,Hyderabad,2024-04-05,Indian Premier League,18.0,male,T20,T20,20,2024,club,"Rajiv Gandhi International Stadium, Uppal, Hyderabad",Sunrisers Hyderabad,Chennai Super Kings,Sunrisers Hyderabad,field,Sunrisers Hyderabad,,6.0,win,Abhishek Sharma,129,2,2,2,2349.0
1422137,2024,6,Jaipur,2024-04-06,Indian Premier League,19.0,male,T20,T20,20,2024,club,"Sawai Mansingh Stadium, Jaipur",Rajasthan Royals,Royal Challengers Bangalore,Rajasthan Royals,field,Rajasthan Royals,,6.0,win,JC Buttler,1,134,134,134,24.0
1422138,2024,6,Mumbai,2024-04-07,Indian Premier League,20.0,male,T20,T20,20,2024,club,"Wankhede Stadium, Mumbai",Delhi Capitals,Mumbai Indians,Delhi Capitals,field,Mumbai Indians,29.0,,win,R Shepherd,3,252,252,3,6761.0
1422139,2024,6,Lucknow,2024-04-07,Indian Premier League,21.0,male,T20,T20,20,2024,club,"Bharat Ratna Shri Atal Bihari Vajpayee Ekana Cricket Stadium, Lucknow",Lucknow Super Giants,Lucknow Super Giants,Gujarat Titans,bat,Lucknow Super Giants,33.0,,win,Yash Thakur,614,615,614,614,8425.0
1426260,2024,6,Chennai,2024-04-08,Indian Premier League,22.0,male,T20,T20,20,2024,club,"MA Chidambaram Stadium, Chepauk, Chennai",Chennai Super Kings,Kolkata Knight Riders,Chennai Super Kings,field,Chennai Super Kings,,7.0,win,RA Jadeja,6,129,129,129,348.0
1426261,2024,6,Mohali,2024-04-09,Indian Premier League,23.0,male,T20,T20,20,2024,club,"Maharaja Yadavindra Singh International Cricket Stadium, Mullanpur",Punjab Kings,Sunrisers Hyderabad,Punjab Kings,field,Sunrisers Hyderabad,2.0,,win,Nithish Kumar Reddy,2,494,494,2,9824.0
1426262,2024,6,Jaipur,2024-04-10,Indian Premier League,24.0,male,T20,T20,20,2024,club,"Sawai Mansingh Stadium, Jaipur",Gujarat Titans,Rajasthan Royals,Gujarat Titans,field,Gujarat Titans,,3.0,win,Rashid Khan,134,615,615,615,22.0
1426263,2024,6,Mumbai,2024-04-11,Indian Premier League,25.0,male,T20,T20,20,2024,club,"Wankhede Stadium, Mumbai",Mumbai Indians,Royal Challengers Bangalore,Mumbai Indians,field,Mumbai Indians,,7.0,win,JJ Bumrah,1,3,3,3,33.0
1426264,2024,6,Lucknow,2024-04-12,Indian Premier League,26.0,male,T20,T20,20,2024,club,"Bharat Ratna Shri Atal Bihari Vajpayee Ekana Cricket Stadium, Lucknow",Lucknow Super Giants,Lucknow Super Giants,Delhi Capitals,bat,Delhi Capitals,,6.0,win,Kuldeep Yadav,614,252,614,252,64.0
1426265,2024,6,Mohali,2024-04-13,Indian Premier League,27.0,male,T20,T20,20,2024,club,"Maharaja Yadavindra Singh International Cricket Stadium, Mullanpur",Rajasthan Royals,Punjab Kings,Rajasthan Royals,field,Rajasthan Royals,,3.0,win,SO Hetmyer,494,134,134,134,2700.0
1426266,2024,6,Kolkata,2024-04-14,Indian Premier League,28.0,male,T20,T20,20,2024,club,"Eden Gardens, Kolkata",Kolkata Knight Riders,Lucknow Super Giants,Kolkata Knight Riders,field,Kolkata Knight Riders,,8.0,win,PD Salt,614,6,6,6,8945.0
1426267,2024,6,Mumbai,2024-04-14,Indian Premier League,29.0,male,T20,T20,20,2024,club,"Wankhede Stadium, Mumbai",Mumbai Indians,Chennai Super Kings,Mumbai Indians,field,Chennai Super Kings,20.0,,win,M Pathirana,129,3,3,129,8007.0
1426268,2024,6,Bengaluru,2024-04-15,Indian Premier League,30.0,male,T20,T20,20,2024,club,"M Chinnaswamy Stadium, Bengaluru",Royal Challengers Bangalore,Sunrisers Hyderabad,Royal Challengers Bangalore,field,Sunrisers Hyderabad,25.0,,win,TM Head,2,1,1,2,3.0
1426269,2024,6,Kolkata,2024-04-16,Indian Premier League,31.0,male,T20,T20,20,2024,club,"Eden Gardens, Kolkata",Rajasthan Royals,Kolkata Knight Riders,Rajasthan Royals,field,Rajasthan Royals,,2.0,win,JC Buttler,6,134,134,134,24.0
1426270,2024,6,Ahmedabad,2024-04-17,Indian Premier League,32.0,male,T20,T20,20,2024,club,"Narendra Modi Stadium, Ahmedabad",Delhi Capitals,Gujarat Titans,Delhi Capitals,field,Delhi Capitals,,6.0,win,RR Pant,615,252,252,252,181.0
1426271,2024,6,Mohali,2024-04-18,Indian Premier League,33.0,male,T20,T20,20,2024,club,"Maharaja Yadavindra Singh International Cricket Stadium, Mullanpur",Punjab Kings,Mumbai Indians,Punjab Kings,field,Mumbai Indians,9.0,,win,JJ Bumrah,3,494,494,3,33.0
1426272,2024,6,Lucknow,2024-04-19,Indian Premier League,34.0,male,T20,T20,20,2024,club,"Bharat Ratna Shri Atal Bihari Vajpayee Ekana Cricket Stadium, Lucknow",Lucknow Super Giants,Chennai Super Kings,Lucknow Super Giants,field,Lucknow Super Giants,,8.0,win,KL Rahul,129,614,614,614,1409.0
1426273,2024,6,Delhi,2024-04-20,Indian Premier League,35.0,male,T20,T20,20,2024,club,"Arun Jaitley Stadium, Delhi",Delhi Capitals,Sunrisers Hyderabad,Delhi Capitals,field,Sunrisers Hyderabad,67.0,,win,TM Head,2,252,252,2,3.0
1426274,2024,6,Kolkata,2024-04-21,Indian Premier League,36.0,male,T20,T20,20,2024,club,"Eden Gardens, Kolkata",Royal Challengers Bangalore,Kolkata Knight Riders,Royal Challengers Bangalore,field,Kolkata Knight Riders,1.0,,win,AD Russell,6,1,1,6,1437.0
1426275,2024,6,Mohali,2024-04-21,Indian Premier League,37.0,male,T20,T20,20,2024,club,"Maharaja Yadavindra Singh International Cricket Stadium, Mullanpur",Punjab Kings,Punjab Kings,Gujarat Titans,bat,Gujarat Titans,,3.0,win,R Sai Kishore,494,615,494,615,7895.0
1426276,2024,6,Jaipur,2024-04-22,Indian Premier League,38.0,male,T20,T20,20,2024,club,"Sawai Mansingh Stadium, Jaipur",Mumbai Indians,Mumbai Indians,Rajasthan Royals,bat,Rajasthan Royals,,9.0,win,Sandeep Sharma,3,134,3,134,76.0
1426277,2024,6,Chennai,2024-04-23,Indian Premier League,39.0,male,T20,T20,20,2024,club,"MA Chidambaram Stadium, Chepauk, Chennai",Lucknow Super Giants,Chennai Super Kings,Lucknow Super Giants,field,Lucknow Super Giants,,6.0,win,MP Stoinis,129,614,614,614,73.0
1426278,2024,6,Delhi,2024-04-24,Indian Premier League,40.0,male,T20,T20,20,2024,club,"Arun Jaitley Stadium, Delhi",Gujarat Titans,Delhi Capitals,Gujarat Titans,field,Delhi Capitals,4.0,,win,RR Pant,252,615,615,252,181.0
1426279,2024,6,Hyderabad,2024-04-25,Indian Premier League,41.0,male,T20,T20,20,2024,club,"Rajiv Gandhi International Stadium, Uppal, Hyderabad",Royal Challengers Bangalore,Royal Challengers Bangalore,Sunrisers Hyderabad,bat,Royal Challengers Bangalore,35.0,,win,RM Patidar,1,2,1,1,5349.0
1426280,2024,6,Kolkata,2024-04-26,Indian Premier League,42.0,male,T20,T20,20,2024,club,"Eden Gardens, Kolkata",Punjab Kings,Kolkata Knight Riders,Punjab Kings,field,Punjab Kings,,8.0,win,JM Bairstow,6,494,494,494,2719.0
1426281,2024,6,Delhi,2024-04-27,Indian Premier League,43.0,male,T20,T20,20,2024,club,"Arun Jaitley Stadium, Delhi",Mumbai Indians,Delhi Capitals,Mumbai Indians,field,Delhi Capitals,10.0,,win,J Fraser-McGurk,252,3,3,252,10667.0
1426282,2024,6,Lucknow,2024-04-27,Indian Premier League,44.0,male,T20,T20,20,2024,club,"Bharat Ratna Shri Atal Bihari Vajpayee Ekana Cricket Stadium, Lucknow",Rajasthan Royals,Lucknow Super Giants,Rajasthan Royals,field,Rajasthan Royals,,7.0,win,SV Samson,614,134,134,134,180.0
1426283,2024,6,Ahmedabad,2024-04-28,Indian Premier League,45.0,male,T20,T20,20,2024,club,"Narendra Modi Stadium, Ahmedabad",Royal Challengers Bangalore,Gujarat Titans,Royal Challengers Bangalore,field,Royal Challengers Bangalore,,9.0,win,WG Jacks,615,1,1,1,10630.0
1426284,2024,6,Chennai,2024-04-28,Indian Premier League,46.0,male,T20,T20,20,2024,club,"MA Chidambaram Stadium, Chepauk, Chennai",Sunrisers Hyderabad,Chennai Super Kings,Sunrisers Hyderabad,field,Chennai Super Kings,78.0,,win,RD Gaikwad,129,2,2,129,4119.0
1426285,2024,6,Kolkata,2024-04-29,Indian Premier League,47.0,male,T20,T20,20,2024,club,"Eden Gardens, Kolkata",Delhi Capitals,Delhi Capitals,Kolkata Knight Riders,bat,Kolkata Knight Riders,,7.0,win,CV Varun,252,6,252,6,2825.0
1426286,2024,6,Lucknow,2024-04-30,Indian Premier League,48.0,male,T20,T20,20,2024,club,"Bharat Ratna Shri Atal Bihari Vajpayee Ekana Cricket Stadium, Lucknow",Lucknow Super Giants,Mumbai Indians,Lucknow Super Giants,field,Lucknow Super Giants,,4.0,win,MP Stoinis,3,614,614,614,73.0
1426287,2024,6,Chennai,2024-05-01,Indian Premier League,49.0,male,T20,T20,20,2024,club,"MA Chidambaram Stadium, Chepauk, Chennai",Punjab Kings,Chennai Super Kings,Punjab Kings,field,Punjab Kings,,7.0,win,Harpreet Brar,129,494,494,494,3495.0
1426288,2024,6,Hyderabad,2024-05-02,Indian Premier League,50.0,male,T20,T20,20,2024,club,"Rajiv Gandhi International Stadium, Uppal, Hyderabad",Sunrisers Hyderabad,Sunrisers Hyderabad,Rajasthan Royals,bat,Sunrisers Hyderabad,1.0,,win,B Kumar,2,134,2,2,20.0
1426289,2024,6,Mumbai,2024-05-03,Indian Premier League,51.0,male,T20,T20,20,2024,club,"Wankhede Stadium, Mumbai",Mumbai Indians,Kolkata Knight Riders,Mumbai Indians,field,Kolkata Knight Riders,24.0,,win,VR Iyer,6,3,3,6,5986.0
1426290,2024,6,Bengaluru,2024-05-04,Indian Premier League,52.0,male,T20,T20,20,2024,club,"M Chinnaswamy Stadium, Bengaluru",Royal Challengers Bangalore,Gujarat Titans,Royal Challengers Bangalore,field,Royal Challengers Bangalore,,4.0,win,Mohammed Siraj,615,1,1,1,538.0
1426291,2024,6,Dharamsala,2024-05-05,Indian Premier League,53.0,male,T20,T20,20,2024,club,"Himachal Pradesh Cricket Association Stadium, Dharamsala",Punjab Kings,Chennai Super Kings,Punjab Kings,field,Chennai Super Kings,28.0,,win,RA Jadeja,129,494,494,129,348.0
1426292,2024,6,Lucknow,2024-05-05,Indian Premier League,54.0,male,T20,T20,20,2024,club,"Bharat Ratna Shri Atal Bihari Vajpayee Ekana Cricket Stadium, Lucknow",Lucknow Super Giants,Kolkata Knight Riders,Lucknow Super Giants,field,Kolkata Knight Riders,98.0,,win,SP Narine,6,614,614,6,65.0
1426293,2024,6,Mumbai,2024-05-06,Indian Premier League,55.0,male,T20,T20,20,2024,club,"Wankhede Stadium, Mumbai",Mumbai Indians,Sunrisers Hyderabad,Mumbai Indians,field,Mumbai Indians,,7.0,win,SA Yadav,2,3,3,3,61.0
1426294,2024,6,Delhi,2024-05-07,Indian Premier League,56.0,male,T20,T20,20,2024,club,"Arun Jaitley Stadium, Delhi",Rajasthan Royals,Delhi Capitals,Rajasthan Royals,field,Delhi Capitals,20.0,,win,Kuldeep Yadav,252,134,134,252,64.0
1426295,2024,6,Hyderabad,2024-05-08,Indian Premier League,57.0,male,T20,T20,20,2024,club,"Rajiv Gandhi International Stadium, Uppal, Hyderabad",Lucknow Super Giants,Lucknow Super Giants,Sunrisers Hyderabad,bat,Sunrisers Hyderabad,,10.0,win,TM Head,614,2,614,2,3.0
1426296,2024,6,Dharamsala,2024-05-09,Indian Premier League,58.0,male,T20,T20,20,2024,club,"Himachal Pradesh Cricket Association Stadium, Dharamsala",Punjab Kings,Royal Challengers Bangalore,Punjab Kings,field,Royal Challengers Bangalore,60.0,,win,V Kohli,1,494,494,1,332.0
1426297,2024,6,Ahmedabad,2024-05-10,Indian Premier League,59.0,male,T20,T20,20,2024,club,"Narendra Modi Stadium, Ahmedabad",Chennai Super Kings,Gujarat Titans,Chennai Super Kings,field,Gujarat Titans,35.0,,win,Shubman Gill,615,129,129,615,1580.0
1426298,2024,6,Kolkata,2024-05-11,Indian Premier League,60.0,male,T20,T20,20,2024,club,"Eden Gardens, Kolkata",Mumbai Indians,Kolkata Knight Riders,Mumbai Indians,field,Kolkata Knight Riders,18.0,,win,CV Varun,6,3,3,6,2825.0
1426299,2024,6,Chennai,2024-05-12,Indian Premier League,61.0,male,T20,T20,20,2024,club,"MA Chidambaram Stadium, Chepauk, Chennai",Rajasthan Royals,Rajasthan Royals,Chennai Super Kings,bat,Chennai Super Kings,,5.0,win,Simarjeet Singh,134,129,134,129,7652.0
1426300,2024,6,Bengaluru,2024-05-12,Indian Premier League,62.0,male,T20,T20,20,2024,club,"M Chinnaswamy Stadium, Bengaluru",Delhi Capitals,Royal Challengers Bangalore,Delhi Capitals,field,Royal Challengers Bangalore,47.0,,win,C Green,1,252,252,1,8383.0
1426302,2024,6,Delhi,2024-05-14,Indian Premier League,64.0,male,T20,T20,20,2024,club,"Arun Jaitley Stadium, Delhi",Lucknow Super Giants,Delhi Capitals,Lucknow Super Giants,field,Delhi Capitals,19.0,,win,I Sharma,252,614,614,252,308.0
1426303,2024,6,Guwahati,2024-05-15,Indian Premier League,65.0,male,T20,T20,20,2024,club,"Barsapara Cricket Stadium, Guwahati",Rajasthan Royals,Rajasthan Royals,Punjab Kings,bat,Punjab Kings,,5.0,win,SM Curran,134,494,134,494,2768.0
1426305,2024,6,Mumbai,2024-05-17,Indian Premier League,67.0,male,T20,T20,20,2024,club,"Wankhede Stadium, Mumbai",Mumbai Indians,Lucknow Super Giants,Mumbai Indians,field,Lucknow Super Giants,18.0,,win,N Pooran,614,3,3,614,2766.0
1426306,2024,6,Bengaluru,2024-05-18,Indian Premier League,68.0,male,T20,T20,20,2024,club,"M Chinnaswamy Stadium, Bengaluru",Chennai Super Kings,Royal Challengers Bangalore,Chennai Super Kings,field,Royal Challengers Bangalore,27.0,,win,F du Plessis,1,129,129,1,267.0
1426307,2024,6,Hyderabad,2024-05-19,Indian Premier League,69.0,male,T20,T20,20,2024,club,"Rajiv Gandhi International Stadium, Uppal, Hyderabad",Punjab Kings,Punjab Kings,Sunrisers Hyderabad,bat,Sunrisers Hyderabad,,4.0,win,Abhishek Sharma,494,2,494,2,2349.0
1426309,2024,6,Ahmedabad,2024-05-21,Indian Premier League,,male,T20,T20,20,2024,club,"Narendra Modi Stadium, Ahmedabad",Sunrisers Hyderabad,Sunrisers Hyderabad,Kolkata Knight Riders,bat,Kolkata Knight Riders,,8.0,win,MA Starc,2,6,2,6,10109.0
1426310,2024,6,Ahmedabad,2024-05-22,Indian Premier League,,male,T20,T20,20,2024,club,"Narendra Modi Stadium, Ahmedabad",Rajasthan Royals,Royal Challengers Bangalore,Rajasthan Royals,field,Rajasthan Royals,,4.0,win,R Ashwin,1,134,134,134,1416.0
1426311,2024,6,Chennai,2024-05-24,Indian Premier League,,male,T20,T20,20,2024,club,"MA Chidambaram Stadium, Chepauk, Chennai",Rajasthan Royals,Sunrisers Hyderabad,Rajasthan Royals,field,Sunrisers Hyderabad,36.0,,win,Shahbaz Ahmed,2,134,134,2,4310.0
1426312,2024,6,Chennai,2024-05-26,Indian Premier League,,male,T20,T20,20,2024,club,"MA Chidambaram Stadium, Chepauk, Chennai",Sunrisers Hyderabad,Sunrisers Hyderabad,Kolkata Knight Riders,bat,Kolkata Knight Riders,,8.0,win,MA Starc,2,6,2,6,10109.0
1473438,2025,6,Kolkata,2025-03-22,Indian Premier League,1.0,male,T20,T20,20,2025,club,"Eden Gardens, Kolkata",Royal Challengers Bangalore,Kolkata Knight Riders,Royal Challengers Bangalore,field,Royal Challengers Bangalore,,7.0,win,KH Pandya,6,1,1,1,28.0
1473439,2025,6,Hyderabad,2025-03-23,Indian Premier League,2.0,male,T20,T20,20,2025,club,"Rajiv Gandhi International Stadium, Uppal, Hyderabad",Rajasthan Royals,Sunrisers Hyderabad,Rajasthan Royals,field,Sunrisers Hyderabad,44.0,,win,Ishan Kishan,2,134,134,2,347.0
1473440,2025,6,Chennai,2025-03-23,Indian Premier League,3.0,male,T20,T20,20,2025,club,"MA Chidambaram Stadium, Chepauk, Chennai",Chennai Super Kings,Mumbai Indians,Chennai Super Kings,field,Chennai Super Kings,,4.0,win,Noor Ahmad,3,129,129,129,8809.0
1473441,2025,6,Visakhapatnam,2025-03-24,Indian Premier League,4.0,male,T20,T20,20,2025,club,"Dr. Y.S. Rajasekhara Reddy ACA-VDCA Cricket Stadium, Visakhapatnam",Delhi Capitals,Lucknow Super Giants,Delhi Capitals,field,Delhi Capitals,,1.0,win,Ashutosh Sharma,614,252,252,252,10456.0
1473442,2025,6,Ahmedabad,2025-03-25,Indian Premier League,5.0,male,T20,T20,20,2025,club,"Narendra Modi Stadium, Ahmedabad",Gujarat Titans,Punjab Kings,Gujarat Titans,field,Punjab Kings,11.0,,win,SS Iyer,494,615,615,494,389.0
1473443,2025,6,Guwahati,2025-03-26,Indian Premier League,6.0,male,T20,T20,20,2025,club,"Barsapara Cricket Stadium, Guwahati",Kolkata Knight Riders,Rajasthan Royals,Kolkata Knight Riders,field,Kolkata Knight Riders,,8.0,win,Q de Kock,134,6,6,6,1421.0
1473444,2025,6,Hyderabad,2025-03-27,Indian Premier League,7.0,male,T20,T20,20,2025,club,"Rajiv Gandhi International Stadium, Uppal, Hyderabad",Lucknow Super Giants,Sunrisers Hyderabad,Lucknow Super Giants,field,Lucknow Super Giants,,5.0,win,SN Thakur,2,614,614,614,360.0
1473445,2025,6,Chennai,2025-03-28,Indian Premier League,8.0,male,T20,T20,20,2025,club,"MA Chidambaram Stadium, Chepauk, Chennai",Chennai Super Kings,Royal Challengers Bangalore,Chennai Super Kings,field,Royal Challengers Bangalore,50.0,,win,RM Patidar,1,129,129,1,5349.0
335983,2008,6,Chandigarh,2008-04-19,Indian Premier League,2.0,male,T20,T20,20,2008,club,"Punjab Cricket Association Stadium, Mohali",Chennai Super Kings,Punjab Kings,Chennai Super Kings,bat,Chennai Super Kings,33.0,,win,MEK Hussey,494,129,129,129,11943.0
335984,2008,6,Delhi,2008-04-19,Indian Premier League,3.0,male,T20,T20,20,2008,club,Feroz Shah Kotla,Rajasthan Royals,Delhi Capitals,Rajasthan Royals,bat,Delhi Capitals,,9.0,win,MF Maharoof,252,134,134,252,11982.0
335985,2008,6,Mumbai,2008-04-20,Indian Premier League,5.0,male,T20,T20,20,2008,club,Wankhede Stadium,Mumbai Indians,Mumbai Indians,Royal Challengers Bangalore,bat,Royal Challengers Bangalore,,5.0,win,MV Boucher,3,1,3,1,11935.0
335986,2008,6,Kolkata,2008-04-20,Indian Premier League,4.0,male,T20,T20,20,2008,club,Eden Gardens,Sunrisers Hyderabad,Kolkata Knight Riders,Sunrisers Hyderabad,bat,Kolkata Knight Riders,,5.0,win,DJ Hussey,6,2,2,6,11922.0
335987,2008,6,Jaipur,2008-04-21,Indian Premier League,6.0,male,T20,T20,20,2008,club,Sawai Mansingh Stadium,Punjab Kings,Rajasthan Royals,Punjab Kings,bat,Rajasthan Royals,,6.0,win,SR Watson,134,494,494,134,5.0
335988,2008,6,Hyderabad,2008-04-22,Indian Premier League,7.0,male,T20,T20,20,2008,club,"Rajiv Gandhi International Stadium, Uppal",Sunrisers Hyderabad,Sunrisers Hyderabad,Delhi Capitals,bat,Delhi Capitals,,9.0,win,V Sehwag,2,252,2,252,11975.0
335989,2008,6,Chennai,2008-04-23,Indian Premier League,8.0,male,T20,T20,20,2008,club,"MA Chidambaram Stadium, Chepauk",Mumbai Indians,Chennai Super Kings,Mumbai Indians,field,Chennai Super Kings,6.0,,win,ML Hayden,129,3,3,129,11942.0
335990,2008,6,Hyderabad,2008-04-24,Indian Premier League,9.0,male,T20,T20,20,2008,club,"Rajiv Gandhi International Stadium, Uppal",Rajasthan Royals,Sunrisers Hyderabad,Rajasthan Royals,field,Rajasthan Royals,,3.0,win,YK Pathan,2,134,134,134,60.0
335991,2008,6,Chandigarh,2008-04-25,Indian Premier League,10.0,male,T20,T20,20,2008,club,"Punjab Cricket Association Stadium, Mohali",Mumbai Indians,Punjab Kings,Mumbai Indians,field,Punjab Kings,66.0,,win,KC Sangakkara,494,3,3,494,11954.0
335992,2008,6,Bangalore,2008-04-26,Indian Premier League,12.0,male,T20,T20,20,2008,club,M Chinnaswamy Stadium,Rajasthan Royals,Royal Challengers Bangalore,Rajasthan Royals,field,Rajasthan Royals,,7.0,win,SR Watson,1,134,134,134,5.0
335993,2008,6,Chennai,2008-04-26,Indian Premier League,11.0,male,T20,T20,20,2008,club,"MA Chidambaram Stadium, Chepauk",Kolkata Knight Riders,Chennai Super Kings,Kolkata Knight Riders,bat,Chennai Super Kings,,9.0,win,JDP Oram,129,6,6,129,11946.0
335994,2008,6,Mumbai,2008-04-27,Indian Premier League,14.0,male,T20,T20,20,2008,club,Dr DY Patil Sports Academy,Sunrisers Hyderabad,Mumbai Indians,Sunrisers Hyderabad,field,Sunrisers Hyderabad,,10.0,win,AC Gilchrist,3,2,2,2,12007.0
335995,2008,6,Chandigarh,2008-04-27,Indian Premier League,13.0,male,T20,T20,20,2008,club,"Punjab Cricket Association Stadium, Mohali",Delhi Capitals,Punjab Kings,Delhi Capitals,bat,Punjab Kings,,4.0,win,SM Katich,494,252,252,494,11956.0
335996,2008,6,Bangalore,2008-04-28,Indian Premier League,15.0,male,T20,T20,20,2008,club,M Chinnaswamy Stadium,Chennai Super Kings,Royal Challengers Bangalore,Chennai Super Kings,bat,Chennai Super Kings,13.0,,win,MS Dhoni,1,129,129,129,38.0
335997,2008,6,Kolkata,2008-04-29,Indian Premier League,16.0,male,T20,T20,20,2008,club,Eden Gardens,Kolkata Knight Riders,Kolkata Knight Riders,Mumbai Indians,bat,Mumbai Indians,,7.0,win,ST Jayasuriya,6,3,6,3,11986.0
335998,2008,6,Delhi,2008-04-30,Indian Premier League,17.0,male,T20,T20,20,2008,club,Feroz Shah Kotla,Royal Challengers Bangalore,Delhi Capitals,Royal Challengers Bangalore,field,Delhi Capitals,10.0,,win,GD McGrath,252,1,1,252,11984.0
335999,2008,6,Hyderabad,2008-05-01,Indian Premier League,19.0,male,T20,T20,20,2008,club,"Rajiv Gandhi International Stadium, Uppal",Punjab Kings,Sunrisers Hyderabad,Punjab Kings,field,Punjab Kings,,7.0,win,SE Marsh,2,494,494,494,541.0
336000,2008,6,Jaipur,2008-05-01,Indian Premier League,18.0,male,T20,T20,20,2008,club,Sawai Mansingh Stadium,Rajasthan Royals,Rajasthan Royals,Kolkata Knight Riders,bat,Rajasthan Royals,45.0,,win,SA Asnodkar,134,6,134,134,12327.0
336001,2008,6,Chennai,2008-05-02,Indian Premier League,20.0,male,T20,T20,20,2008,club,"MA Chidambaram Stadium, Chepauk",Chennai Super Kings,Chennai Super Kings,Delhi Capitals,bat,Delhi Capitals,,8.0,win,V Sehwag,129,252,129,252,11975.0
336002,2008,6,Hyderabad,2008-05-25,Indian Premier League,51.0,male,T20,T20,20,2008,club,"Rajiv Gandhi International Stadium, Uppal",Sunrisers Hyderabad,Sunrisers Hyderabad,Royal Challengers Bangalore,bat,Royal Challengers Bangalore,,5.0,win,R Vinay Kumar,2,1,2,1,1242.0
336003,2008,6,Chandigarh,2008-05-03,Indian Premier League,22.0,male,T20,T20,20,2008,club,"Punjab Cricket Association Stadium, Mohali",Punjab Kings,Punjab Kings,Kolkata Knight Riders,bat,Punjab Kings,9.0,,win,IK Pathan,494,6,494,494,811.0
336004,2008,6,Mumbai,2008-05-04,Indian Premier League,23.0,male,T20,T20,20,2008,club,Dr DY Patil Sports Academy,Delhi Capitals,Mumbai Indians,Delhi Capitals,field,Mumbai Indians,29.0,,win,SM Pollock,3,252,252,3,11991.0
336005,2008,6,Jaipur,2008-05-04,Indian Premier League,24.0,male,T20,T20,20,2008,club,Sawai Mansingh Stadium,Chennai Super Kings,Rajasthan Royals,Chennai Super Kings,bat,Rajasthan Royals,,8.0,win,Sohail Tanvir,134,129,129,134,12147.0
336006,2008,6,Bangalore,2008-05-05,Indian Premier League,25.0,male,T20,T20,20,2008,club,M Chinnaswamy Stadium,Punjab Kings,Royal Challengers Bangalore,Punjab Kings,field,Punjab Kings,,6.0,win,S Sreesanth,1,494,494,494,11962.0
336007,2008,6,Chennai,2008-05-06,Indian Premier League,26.0,male,T20,T20,20,2008,club,"MA Chidambaram Stadium, Chepauk",Sunrisers Hyderabad,Chennai Super Kings,Sunrisers Hyderabad,field,Sunrisers Hyderabad,,7.0,win,AC Gilchrist,129,2,2,2,12007.0
336008,2008,6,Mumbai,2008-05-07,Indian Premier League,27.0,male,T20,T20,20,2008,club,Dr DY Patil Sports Academy,Mumbai Indians,Mumbai Indians,Rajasthan Royals,field,Mumbai Indians,,7.0,win,A Nehra,3,134,3,3,21.0
336009,2008,6,Delhi,2008-05-08,Indian Premier League,28.0,male,T20,T20,20,2008,club,Feroz Shah Kotla,Chennai Super Kings,Delhi Capitals,Chennai Super Kings,field,Chennai Super Kings,,4.0,win,MS Dhoni,252,129,129,129,38.0
336010,2008,6,Kolkata,2008-05-08,Indian Premier League,29.0,male,T20,T20,20,2008,club,Eden Gardens,Kolkata Knight Riders,Kolkata Knight Riders,Royal Challengers Bangalore,bat,Kolkata Knight Riders,5.0,,win,SC Ganguly,6,1,6,6,11919.0
336011,2008,6,Jaipur,2008-05-09,Indian Premier League,30.0,male,T20,T20,20,2008,club,Sawai Mansingh Stadium,Rajasthan Royals,Rajasthan Royals,Sunrisers Hyderabad,field,Rajasthan Royals,,8.0,win,YK Pathan,134,2,134,134,60.0
336012,2008,6,Bangalore,2008-05-28,Indian Premier League,55.0,male,T20,T20,20,2008,club,M Chinnaswamy Stadium,Mumbai Indians,Royal Challengers Bangalore,Mumbai Indians,field,Mumbai Indians,,9.0,win,CRD Fernando,1,3,3,3,12269.0
336013,2008,6,Chennai,2008-05-10,Indian Premier League,31.0,male,T20,T20,20,2008,club,"MA Chidambaram Stadium, Chepauk",Punjab Kings,Chennai Super Kings,Punjab Kings,field,Chennai Super Kings,18.0,,win,L Balaji,129,494,494,129,12523.0
336014,2008,6,Hyderabad,2008-05-11,Indian Premier League,32.0,male,T20,T20,20,2008,club,"Rajiv Gandhi International Stadium, Uppal",Kolkata Knight Riders,Sunrisers Hyderabad,Kolkata Knight Riders,bat,Kolkata Knight Riders,23.0,,win,SC Ganguly,2,6,6,6,11919.0
336015,2008,6,Jaipur,2008-05-11,Indian Premier League,33.0,male,T20,T20,20,2008,club,Sawai Mansingh Stadium,Rajasthan Royals,Rajasthan Royals,Delhi Capitals,field,Rajasthan Royals,,3.0,win,SR Watson,134,252,134,134,5.0
336016,2008,6,Chandigarh,2008-05-12,Indian Premier League,34.0,male,T20,T20,20,2008,club,"Punjab Cricket Association Stadium, Mohali",Royal Challengers Bangalore,Punjab Kings,Royal Challengers Bangalore,bat,Punjab Kings,,9.0,win,SE Marsh,494,1,1,494,541.0
336017,2008,6,Kolkata,2008-05-13,Indian Premier League,35.0,male,T20,T20,20,2008,club,Eden Gardens,Kolkata Knight Riders,Kolkata Knight Riders,Delhi Capitals,bat,Kolkata Knight Riders,23.0,,win,Shoaib Akhtar,6,252,6,6,12710.0
336018,2008,6,Mumbai,2008-05-14,Indian Premier League,36.0,male,T20,T20,20,2008,club,Wankhede Stadium,Mumbai Indians,Mumbai Indians,Chennai Super Kings,field,Mumbai Indians,,9.0,win,ST Jayasuriya,3,129,3,3,11986.0
336019,2008,6,Chandigarh,2008-05-28,Indian Premier League,56.0,male,T20,T20,20,2008,club,"Punjab Cricket Association Stadium, Mohali",Rajasthan Royals,Punjab Kings,Rajasthan Royals,field,Punjab Kings,41.0,,win,SE Marsh,494,134,134,494,541.0
336020,2008,6,Delhi,2008-05-15,Indian Premier League,37.0,male,T20,T20,20,2008,club,Feroz Shah Kotla,Sunrisers Hyderabad,Delhi Capitals,Sunrisers Hyderabad,field,Delhi Capitals,12.0,,win,A Mishra,252,2,2,252,185.0
336021,2008,6,Mumbai,2008-05-16,Indian Premier League,38.0,male,T20,T20,20,2008,club,Wankhede Stadium,Mumbai Indians,Mumbai Indians,Kolkata Knight Riders,field,Mumbai Indians,,8.0,win,SM Pollock,3,6,3,3,11991.0
336022,2008,6,Delhi,2008-05-17,Indian Premier League,40.0,male,T20,T20,20,2008,club,Feroz Shah Kotla,Delhi Capitals,Delhi Capitals,Punjab Kings,bat,Punjab Kings,6.0,,win,DPMD Jayawardene,252,494,252,494,12032.0
336023,2008,6,Jaipur,2008-05-17,Indian Premier League,39.0,male,T20,T20,20,2008,club,Sawai Mansingh Stadium,Royal Challengers Bangalore,Rajasthan Royals,Royal Challengers Bangalore,field,Rajasthan Royals,65.0,,win,GC Smith,134,1,1,134,12107.0
336024,2008,6,Hyderabad,2008-05-18,Indian Premier League,42.0,male,T20,T20,20,2008,club,"Rajiv Gandhi International Stadium, Uppal",Sunrisers Hyderabad,Sunrisers Hyderabad,Mumbai Indians,field,Mumbai Indians,25.0,,win,DJ Bravo,2,3,2,3,1393.0
336025,2008,6,Kolkata,2008-05-18,Indian Premier League,41.0,male,T20,T20,20,2008,club,Eden Gardens,Kolkata Knight Riders,Kolkata Knight Riders,Chennai Super Kings,bat,Chennai Super Kings,3.0,,win,M Ntini,6,129,6,129,12345.0
336026,2008,6,Bangalore,2008-05-19,Indian Premier League,43.0,male,T20,T20,20,2008,club,M Chinnaswamy Stadium,Delhi Capitals,Royal Challengers Bangalore,Delhi Capitals,field,Delhi Capitals,,5.0,win,SP Goswami,1,252,252,252,2295.0
336027,2008,6,Kolkata,2008-05-20,Indian Premier League,44.0,male,T20,T20,20,2008,club,Eden Gardens,Rajasthan Royals,Kolkata Knight Riders,Rajasthan Royals,field,Rajasthan Royals,,6.0,win,YK Pathan,6,134,134,134,60.0
336028,2008,6,Mumbai,2008-05-21,Indian Premier League,45.0,male,T20,T20,20,2008,club,Wankhede Stadium,Mumbai Indians,Mumbai Indians,Punjab Kings,field,Punjab Kings,1.0,,win,SE Marsh,3,494,3,494,541.0
336029,2008,6,Chennai,2008-05-21,Indian Premier League,46.0,male,T20,T20,20,2008,club,"MA Chidambaram Stadium, Chepauk",Royal Challengers Bangalore,Chennai Super Kings,Royal Challengers Bangalore,bat,Royal Challengers Bangalore,14.0,,win,A Kumble,129,1,1,1,12160.0
336031,2008,6,Chandigarh,2008-05-23,Indian Premier League,48.0,male,T20,T20,20,2008,club,"Punjab Cricket Association Stadium, Mohali",Punjab Kings,Punjab Kings,Sunrisers Hyderabad,field,Punjab Kings,,6.0,win,SE Marsh,494,2,494,494,541.0
336032,2008,6,Delhi,2008-05-24,Indian Premier League,50.0,male,T20,T20,20,2008,club,Feroz Shah Kotla,Delhi Capitals,Delhi Capitals,Mumbai Indians,field,Delhi Capitals,,5.0,win,KD Karthik,252,3,252,252,49.0
336033,2008,6,Chennai,2008-05-24,Indian Premier League,49.0,male,T20,T20,20,2008,club,"MA Chidambaram Stadium, Chepauk",Rajasthan Royals,Chennai Super Kings,Rajasthan Royals,bat,Rajasthan Royals,10.0,,win,JA Morkel,129,134,134,134,12234.0
336034,2008,6,Bangalore,2008-05-03,Indian Premier League,21.0,male,T20,T20,20,2008,club,M Chinnaswamy Stadium,Sunrisers Hyderabad,Royal Challengers Bangalore,Sunrisers Hyderabad,field,Royal Challengers Bangalore,3.0,,win,P Kumar,1,2,2,1,52.0
336035,2008,6,Kolkata,2008-05-25,Indian Premier League,52.0,male,T20,T20,20,2008,club,Eden Gardens,Punjab Kings,Kolkata Knight Riders,Punjab Kings,bat,Kolkata Knight Riders,,3.0,win,Umar Gul,6,494,494,6,12323.0
336036,2008,6,Jaipur,2008-05-26,Indian Premier League,53.0,male,T20,T20,20,2008,club,Sawai Mansingh Stadium,Rajasthan Royals,Rajasthan Royals,Mumbai Indians,field,Rajasthan Royals,,5.0,win,Sohail Tanvir,134,3,134,134,12147.0
336037,2008,6,Hyderabad,2008-05-27,Indian Premier League,54.0,male,T20,T20,20,2008,club,"Rajiv Gandhi International Stadium, Uppal",Sunrisers Hyderabad,Sunrisers Hyderabad,Chennai Super Kings,bat,Chennai Super Kings,,7.0,win,SK Raina,2,129,2,129,47.0
336038,2008,6,Mumbai,2008-05-30,Indian Premier League,,male,T20,T20,20,2008,club,Wankhede Stadium,Delhi Capitals,Delhi Capitals,Rajasthan Royals,field,Rajasthan Royals,105.0,,win,SR Watson,252,134,252,134,5.0
336039,2008,6,Mumbai,2008-05-31,Indian Premier League,,male,T20,T20,20,2008,club,Wankhede Stadium,Punjab Kings,Chennai Super Kings,Punjab Kings,bat,Chennai Super Kings,,9.0,win,M Ntini,129,494,494,129,12345.0
336040,2008,6,Mumbai,2008-06-01,Indian Premier League,,male,T20,T20,20,2008,club,Dr DY Patil Sports Academy,Rajasthan Royals,Chennai Super Kings,Rajasthan Royals,field,Rajasthan Royals,,3.0,win,YK Pathan,129,134,134,134,60.0
392181,2009,6,Cape Town,2009-04-18,Indian Premier League,1.0,male,T20,T20,20,2009,club,Newlands,Chennai Super Kings,Chennai Super Kings,Mumbai Indians,field,Mumbai Indians,19.0,,win,SR Tendulkar,129,3,129,3,12580.0
392182,2009,6,Cape Town,2009-04-18,Indian Premier League,2.0,male,T20,T20,20,2009,club,Newlands,Royal Challengers Bangalore,Royal Challengers Bangalore,Rajasthan Royals,bat,Royal Challengers Bangalore,75.0,,win,R Dravid,1,134,1,1,11930.0
392183,2009,6,Cape Town,2009-04-19,Indian Premier League,3.0,male,T20,T20,20,2009,club,Newlands,Delhi Capitals,Delhi Capitals,Punjab Kings,field,Delhi Capitals,,10.0,win,DL Vettori,252,494,252,252,11981.0
392184,2009,6,Cape Town,2009-04-19,Indian Premier League,4.0,male,T20,T20,20,2009,club,Newlands,Kolkata Knight Riders,Sunrisers Hyderabad,Kolkata Knight Riders,bat,Sunrisers Hyderabad,,8.0,win,RP Singh,2,6,6,2,12016.0
392185,2009,6,Port Elizabeth,2009-04-20,Indian Premier League,5.0,male,T20,T20,20,2009,club,St George's Park,Chennai Super Kings,Royal Challengers Bangalore,Chennai Super Kings,bat,Chennai Super Kings,92.0,,win,M Muralitharan,1,129,129,129,11951.0
392186,2009,6,Durban,2009-04-21,Indian Premier League,6.0,male,T20,T20,20,2009,club,Kingsmead,Kolkata Knight Riders,Punjab Kings,Kolkata Knight Riders,field,Kolkata Knight Riders,11.0,,win,CH Gayle,494,6,6,6,1.0
392188,2009,6,Cape Town,2009-04-22,Indian Premier League,8.0,male,T20,T20,20,2009,club,Newlands,Sunrisers Hyderabad,Royal Challengers Bangalore,Sunrisers Hyderabad,bat,Sunrisers Hyderabad,24.0,,win,AC Gilchrist,1,2,2,2,12007.0
392189,2009,6,Durban,2009-04-23,Indian Premier League,9.0,male,T20,T20,20,2009,club,Kingsmead,Delhi Capitals,Chennai Super Kings,Delhi Capitals,bat,Delhi Capitals,9.0,,win,AB de Villiers,129,252,252,252,245.0
392190,2009,6,Cape Town,2009-04-23,Indian Premier League,10.0,male,T20,T20,20,2009,club,Newlands,Kolkata Knight Riders,Kolkata Knight Riders,Rajasthan Royals,field,Rajasthan Royals,,,tie,YK Pathan,6,134,6,134,60.0
392191,2009,6,Durban,2009-04-24,Indian Premier League,11.0,male,T20,T20,20,2009,club,Kingsmead,Royal Challengers Bangalore,Royal Challengers Bangalore,Punjab Kings,bat,Punjab Kings,,7.0,win,RS Bopara,1,494,1,494,13250.0
392192,2009,6,Durban,2009-04-25,Indian Premier League,12.0,male,T20,T20,20,2009,club,Kingsmead,Sunrisers Hyderabad,Sunrisers Hyderabad,Mumbai Indians,bat,Sunrisers Hyderabad,12.0,,win,PP Ojha,2,3,2,2,12017.0
392194,2009,6,Port Elizabeth,2009-04-26,Indian Premier League,14.0,male,T20,T20,20,2009,club,St George's Park,Royal Challengers Bangalore,Royal Challengers Bangalore,Delhi Capitals,bat,Delhi Capitals,,6.0,win,TM Dilshan,1,252,1,252,12650.0
392195,2009,6,Cape Town,2009-04-26,Indian Premier League,15.0,male,T20,T20,20,2009,club,Newlands,Punjab Kings,Punjab Kings,Rajasthan Royals,bat,Punjab Kings,27.0,,win,KC Sangakkara,494,134,494,494,11954.0
392196,2009,6,Durban,2009-04-27,Indian Premier League,16.0,male,T20,T20,20,2009,club,Kingsmead,Sunrisers Hyderabad,Chennai Super Kings,Sunrisers Hyderabad,field,Sunrisers Hyderabad,,6.0,win,HH Gibbs,129,2,2,2,12295.0
392197,2009,6,Port Elizabeth,2009-04-27,Indian Premier League,17.0,male,T20,T20,20,2009,club,St George's Park,Mumbai Indians,Kolkata Knight Riders,Mumbai Indians,bat,Mumbai Indians,92.0,,win,SR Tendulkar,6,3,3,3,12580.0
392198,2009,6,Centurion,2009-04-28,Indian Premier League,18.0,male,T20,T20,20,2009,club,SuperSport Park,Delhi Capitals,Delhi Capitals,Rajasthan Royals,bat,Rajasthan Royals,,5.0,win,YK Pathan,252,134,252,134,60.0
392199,2009,6,Durban,2009-04-29,Indian Premier League,19.0,male,T20,T20,20,2009,club,Kingsmead,Kolkata Knight Riders,Royal Challengers Bangalore,Kolkata Knight Riders,bat,Royal Challengers Bangalore,,5.0,win,MV Boucher,1,6,6,1,11935.0
392200,2009,6,Durban,2009-04-29,Indian Premier League,20.0,male,T20,T20,20,2009,club,Kingsmead,Punjab Kings,Punjab Kings,Mumbai Indians,bat,Punjab Kings,3.0,,win,KC Sangakkara,494,3,494,494,11954.0
392201,2009,6,Centurion,2009-04-30,Indian Premier League,21.0,male,T20,T20,20,2009,club,SuperSport Park,Delhi Capitals,Sunrisers Hyderabad,Delhi Capitals,field,Delhi Capitals,,6.0,win,DP Nannes,2,252,252,252,13245.0
392202,2009,6,Centurion,2009-04-30,Indian Premier League,22.0,male,T20,T20,20,2009,club,SuperSport Park,Rajasthan Royals,Chennai Super Kings,Rajasthan Royals,field,Chennai Super Kings,38.0,,win,SK Raina,129,134,134,129,47.0
392203,2009,6,East London,2009-05-01,Indian Premier League,23.0,male,T20,T20,20,2009,club,Buffalo Park,Mumbai Indians,Kolkata Knight Riders,Mumbai Indians,bat,Mumbai Indians,9.0,,win,JP Duminy,6,3,3,3,1964.0
392204,2009,6,Durban,2009-05-01,Indian Premier League,24.0,male,T20,T20,20,2009,club,Kingsmead,Royal Challengers Bangalore,Royal Challengers Bangalore,Punjab Kings,bat,Royal Challengers Bangalore,8.0,,win,Yuvraj Singh,1,494,1,1,15.0
392205,2009,6,Port Elizabeth,2009-05-02,Indian Premier League,25.0,male,T20,T20,20,2009,club,St George's Park,Sunrisers Hyderabad,Sunrisers Hyderabad,Rajasthan Royals,bat,Rajasthan Royals,,3.0,win,YK Pathan,2,134,2,134,60.0
392206,2009,6,Johannesburg,2009-05-02,Indian Premier League,26.0,male,T20,T20,20,2009,club,New Wanderers Stadium,Delhi Capitals,Chennai Super Kings,Delhi Capitals,field,Chennai Super Kings,18.0,,win,SB Jakati,129,252,252,129,53.0
392207,2009,6,Port Elizabeth,2009-05-03,Indian Premier League,27.0,male,T20,T20,20,2009,club,St George's Park,Kolkata Knight Riders,Punjab Kings,Kolkata Knight Riders,bat,Punjab Kings,,6.0,win,DPMD Jayawardene,494,6,6,494,12032.0
392208,2009,6,Johannesburg,2009-05-03,Indian Premier League,28.0,male,T20,T20,20,2009,club,New Wanderers Stadium,Mumbai Indians,Royal Challengers Bangalore,Mumbai Indians,bat,Royal Challengers Bangalore,,9.0,win,JH Kallis,1,3,3,1,11933.0
392209,2009,6,East London,2009-05-04,Indian Premier League,29.0,male,T20,T20,20,2009,club,Buffalo Park,Chennai Super Kings,Chennai Super Kings,Sunrisers Hyderabad,bat,Chennai Super Kings,78.0,,win,MS Dhoni,129,2,129,129,38.0
392210,2009,6,Durban,2009-05-05,Indian Premier League,30.0,male,T20,T20,20,2009,club,Kingsmead,Punjab Kings,Punjab Kings,Rajasthan Royals,field,Rajasthan Royals,78.0,,win,GC Smith,494,134,494,134,12107.0
392211,2009,6,Durban,2009-05-05,Indian Premier League,31.0,male,T20,T20,20,2009,club,Kingsmead,Kolkata Knight Riders,Delhi Capitals,Kolkata Knight Riders,bat,Delhi Capitals,,9.0,win,G Gambhir,252,6,6,252,56.0
392212,2009,6,Centurion,2009-05-06,Indian Premier League,32.0,male,T20,T20,20,2009,club,SuperSport Park,Sunrisers Hyderabad,Sunrisers Hyderabad,Mumbai Indians,bat,Sunrisers Hyderabad,19.0,,win,RG Sharma,2,3,2,2,25.0
392213,2009,6,Centurion,2009-05-07,Indian Premier League,33.0,male,T20,T20,20,2009,club,SuperSport Park,Rajasthan Royals,Royal Challengers Bangalore,Rajasthan Royals,field,Rajasthan Royals,,7.0,win,A Singh,1,134,134,134,13810.0
392214,2009,6,Centurion,2009-05-07,Indian Premier League,34.0,male,T20,T20,20,2009,club,SuperSport Park,Chennai Super Kings,Chennai Super Kings,Punjab Kings,bat,Chennai Super Kings,12.0,,win,ML Hayden,129,494,129,129,11942.0
392215,2009,6,East London,2009-05-08,Indian Premier League,35.0,male,T20,T20,20,2009,club,Buffalo Park,Mumbai Indians,Delhi Capitals,Mumbai Indians,bat,Delhi Capitals,,7.0,win,A Nehra,252,3,3,252,21.0
392216,2009,6,Kimberley,2009-05-09,Indian Premier League,36.0,male,T20,T20,20,2009,club,De Beers Diamond Oval,Punjab Kings,Sunrisers Hyderabad,Punjab Kings,field,Punjab Kings,,3.0,win,DPMD Jayawardene,2,494,494,494,12032.0
392217,2009,6,Kimberley,2009-05-09,Indian Premier League,37.0,male,T20,T20,20,2009,club,De Beers Diamond Oval,Rajasthan Royals,Chennai Super Kings,Rajasthan Royals,bat,Chennai Super Kings,,7.0,win,S Badrinath,129,134,134,129,11947.0
392218,2009,6,Port Elizabeth,2009-05-10,Indian Premier League,38.0,male,T20,T20,20,2009,club,St George's Park,Mumbai Indians,Royal Challengers Bangalore,Mumbai Indians,bat,Mumbai Indians,16.0,,win,JP Duminy,1,3,3,3,1964.0
392219,2009,6,Johannesburg,2009-05-10,Indian Premier League,39.0,male,T20,T20,20,2009,club,New Wanderers Stadium,Delhi Capitals,Delhi Capitals,Kolkata Knight Riders,field,Delhi Capitals,,7.0,win,A Mishra,252,6,252,252,185.0
392220,2009,6,Kimberley,2009-05-11,Indian Premier League,40.0,male,T20,T20,20,2009,club,De Beers Diamond Oval,Sunrisers Hyderabad,Sunrisers Hyderabad,Rajasthan Royals,bat,Sunrisers Hyderabad,53.0,,win,DR Smith,2,134,2,2,50.0
392221,2009,6,Centurion,2009-05-12,Indian Premier League,41.0,male,T20,T20,20,2009,club,SuperSport Park,Royal Challengers Bangalore,Royal Challengers Bangalore,Kolkata Knight Riders,field,Royal Challengers Bangalore,,6.0,win,LRPL Taylor,1,6,1,1,11998.0
392222,2009,6,Centurion,2009-05-12,Indian Premier League,42.0,male,T20,T20,20,2009,club,SuperSport Park,Punjab Kings,Punjab Kings,Mumbai Indians,bat,Mumbai Indians,,8.0,win,Harbhajan Singh,494,3,494,3,228.0
392223,2009,6,Durban,2009-05-13,Indian Premier League,43.0,male,T20,T20,20,2009,club,Kingsmead,Sunrisers Hyderabad,Sunrisers Hyderabad,Delhi Capitals,field,Delhi Capitals,12.0,,win,R Bhatia,2,252,2,252,40.0
392224,2009,6,Durban,2009-05-14,Indian Premier League,44.0,male,T20,T20,20,2009,club,Kingsmead,Chennai Super Kings,Royal Challengers Bangalore,Chennai Super Kings,bat,Royal Challengers Bangalore,,2.0,win,LRPL Taylor,1,129,129,1,11998.0
392225,2009,6,Durban,2009-05-14,Indian Premier League,45.0,male,T20,T20,20,2009,club,Kingsmead,Rajasthan Royals,Mumbai Indians,Rajasthan Royals,bat,Rajasthan Royals,2.0,,win,SK Warne,3,134,134,134,11971.0
392226,2009,6,Bloemfontein,2009-05-15,Indian Premier League,46.0,male,T20,T20,20,2009,club,OUTsurance Oval,Punjab Kings,Delhi Capitals,Punjab Kings,field,Punjab Kings,,6.0,win,B Lee,252,494,494,494,11959.0
392227,2009,6,Port Elizabeth,2009-05-16,Indian Premier League,47.0,male,T20,T20,20,2009,club,St George's Park,Mumbai Indians,Chennai Super Kings,Mumbai Indians,bat,Chennai Super Kings,,7.0,win,ML Hayden,129,3,3,129,11942.0
392228,2009,6,Johannesburg,2009-05-16,Indian Premier League,48.0,male,T20,T20,20,2009,club,New Wanderers Stadium,Sunrisers Hyderabad,Sunrisers Hyderabad,Kolkata Knight Riders,field,Sunrisers Hyderabad,,6.0,win,RG Sharma,2,6,2,2,25.0
392229,2009,6,Johannesburg,2009-05-17,Indian Premier League,49.0,male,T20,T20,20,2009,club,New Wanderers Stadium,Sunrisers Hyderabad,Sunrisers Hyderabad,Punjab Kings,field,Punjab Kings,1.0,,win,Yuvraj Singh,2,494,2,494,15.0
392230,2009,6,Bloemfontein,2009-05-17,Indian Premier League,50.0,male,T20,T20,20,2009,club,OUTsurance Oval,Delhi Capitals,Delhi Capitals,Rajasthan Royals,bat,Delhi Capitals,14.0,,win,AB de Villiers,252,134,252,252,245.0
392231,2009,6,Centurion,2009-05-18,Indian Premier League,51.0,male,T20,T20,20,2009,club,SuperSport Park,Chennai Super Kings,Chennai Super Kings,Kolkata Knight Riders,bat,Kolkata Knight Riders,,7.0,win,BJ Hodge,129,6,129,6,12318.0
392232,2009,6,Johannesburg,2009-05-19,Indian Premier League,52.0,male,T20,T20,20,2009,club,New Wanderers Stadium,Delhi Capitals,Royal Challengers Bangalore,Delhi Capitals,bat,Royal Challengers Bangalore,,7.0,win,JH Kallis,1,252,252,1,11933.0
392233,2009,6,Durban,2009-05-20,Indian Premier League,53.0,male,T20,T20,20,2009,club,Kingsmead,Kolkata Knight Riders,Kolkata Knight Riders,Rajasthan Royals,field,Kolkata Knight Riders,,4.0,win,LR Shukla,6,134,6,6,11924.0
392234,2009,6,Durban,2009-05-20,Indian Premier League,54.0,male,T20,T20,20,2009,club,Kingsmead,Chennai Super Kings,Chennai Super Kings,Punjab Kings,bat,Chennai Super Kings,24.0,,win,M Muralitharan,129,494,129,129,11951.0
392235,2009,6,Centurion,2009-05-21,Indian Premier League,55.0,male,T20,T20,20,2009,club,SuperSport Park,Delhi Capitals,Delhi Capitals,Mumbai Indians,field,Delhi Capitals,,4.0,win,V Sehwag,252,3,252,252,11975.0
392236,2009,6,Centurion,2009-05-21,Indian Premier League,56.0,male,T20,T20,20,2009,club,SuperSport Park,Royal Challengers Bangalore,Royal Challengers Bangalore,Sunrisers Hyderabad,bat,Royal Challengers Bangalore,12.0,,win,MK Pandey,1,2,1,1,59.0
392237,2009,6,Centurion,2009-05-22,Indian Premier League,,male,T20,T20,20,2009,club,SuperSport Park,Sunrisers Hyderabad,Delhi Capitals,Sunrisers Hyderabad,field,Sunrisers Hyderabad,,6.0,win,AC Gilchrist,252,2,2,2,12007.0
392238,2009,6,Johannesburg,2009-05-23,Indian Premier League,,male,T20,T20,20,2009,club,New Wanderers Stadium,Royal Challengers Bangalore,Royal Challengers Bangalore,Chennai Super Kings,field,Royal Challengers Bangalore,,6.0,win,MK Pandey,1,129,1,1,59.0
392239,2009,6,Johannesburg,2009-05-24,Indian Premier League,,male,T20,T20,20,2009,club,New Wanderers Stadium,Royal Challengers Bangalore,Royal Challengers Bangalore,Sunrisers Hyderabad,field,Sunrisers Hyderabad,6.0,,win,A Kumble,1,2,1,2,12160.0
419106,2010,6,Mumbai,2010-03-12,Indian Premier League,1.0,male,T20,T20,20,2010,club,Dr DY Patil Sports Academy,Sunrisers Hyderabad,Sunrisers Hyderabad,Kolkata Knight Riders,field,Kolkata Knight Riders,11.0,,win,AD Mathews,2,6,2,6,457.0
419107,2010,6,Mumbai,2010-03-13,Indian Premier League,2.0,male,T20,T20,20,2010,club,Brabourne Stadium,Mumbai Indians,Mumbai Indians,Rajasthan Royals,bat,Mumbai Indians,4.0,,win,YK Pathan,3,134,3,3,60.0
419108,2010,6,Chandigarh,2010-03-13,Indian Premier League,3.0,male,T20,T20,20,2010,club,"Punjab Cricket Association Stadium, Mohali",Delhi Capitals,Punjab Kings,Delhi Capitals,field,Delhi Capitals,,5.0,win,G Gambhir,494,252,252,252,56.0
419109,2010,6,Kolkata,2010-03-14,Indian Premier League,4.0,male,T20,T20,20,2010,club,Eden Gardens,Kolkata Knight Riders,Kolkata Knight Riders,Royal Challengers Bangalore,field,Kolkata Knight Riders,,7.0,win,MK Tiwary,6,1,6,6,39.0
419110,2010,6,Chennai,2010-03-14,Indian Premier League,5.0,male,T20,T20,20,2010,club,"MA Chidambaram Stadium, Chepauk",Sunrisers Hyderabad,Chennai Super Kings,Sunrisers Hyderabad,bat,Sunrisers Hyderabad,31.0,,win,WPUJC Vaas,129,2,2,2,12015.0
419111,2010,6,Ahmedabad,2010-03-15,Indian Premier League,6.0,male,T20,T20,20,2010,club,"Sardar Patel Stadium, Motera",Delhi Capitals,Rajasthan Royals,Delhi Capitals,field,Delhi Capitals,,6.0,win,V Sehwag,134,252,252,252,11975.0
419112,2010,6,Bangalore,2010-03-16,Indian Premier League,7.0,male,T20,T20,20,2010,club,M Chinnaswamy Stadium,Punjab Kings,Royal Challengers Bangalore,Punjab Kings,bat,Royal Challengers Bangalore,,8.0,win,JH Kallis,1,494,494,1,11933.0
419113,2010,6,Kolkata,2010-03-16,Indian Premier League,8.0,male,T20,T20,20,2010,club,Eden Gardens,Chennai Super Kings,Kolkata Knight Riders,Chennai Super Kings,bat,Chennai Super Kings,55.0,,win,MS Dhoni,6,129,129,129,38.0
419114,2010,6,Delhi,2010-03-17,Indian Premier League,9.0,male,T20,T20,20,2010,club,Feroz Shah Kotla,Delhi Capitals,Delhi Capitals,Mumbai Indians,field,Mumbai Indians,98.0,,win,SR Tendulkar,252,3,252,3,12580.0
419115,2010,6,Bangalore,2010-03-18,Indian Premier League,10.0,male,T20,T20,20,2010,club,M Chinnaswamy Stadium,Royal Challengers Bangalore,Royal Challengers Bangalore,Rajasthan Royals,field,Royal Challengers Bangalore,,10.0,win,JH Kallis,1,134,1,1,11933.0
419116,2010,6,Delhi,2010-03-19,Indian Premier League,11.0,male,T20,T20,20,2010,club,Feroz Shah Kotla,Delhi Capitals,Delhi Capitals,Chennai Super Kings,bat,Chennai Super Kings,,5.0,win,ML Hayden,252,129,252,129,11942.0
419117,2010,6,Cuttack,2010-03-19,Indian Premier League,12.0,male,T20,T20,20,2010,club,Barabati Stadium,Punjab Kings,Sunrisers Hyderabad,Punjab Kings,field,Sunrisers Hyderabad,6.0,,win,A Symonds,2,494,494,2,12010.0
419118,2010,6,Ahmedabad,2010-03-20,Indian Premier League,13.0,male,T20,T20,20,2010,club,"Sardar Patel Stadium, Motera",Rajasthan Royals,Rajasthan Royals,Kolkata Knight Riders,bat,Rajasthan Royals,34.0,,win,AA Jhunjhunwala,134,6,134,134,14485.0
419119,2010,6,Mumbai,2010-03-20,Indian Premier League,14.0,male,T20,T20,20,2010,club,Brabourne Stadium,Mumbai Indians,Mumbai Indians,Royal Challengers Bangalore,bat,Royal Challengers Bangalore,,7.0,win,JH Kallis,3,1,3,1,11933.0
419120,2010,6,Cuttack,2010-03-21,Indian Premier League,15.0,male,T20,T20,20,2010,club,Barabati Stadium,Sunrisers Hyderabad,Sunrisers Hyderabad,Delhi Capitals,bat,Sunrisers Hyderabad,10.0,,win,A Symonds,2,252,2,2,12010.0
419121,2010,6,Chennai,2010-03-21,Indian Premier League,16.0,male,T20,T20,20,2010,club,"MA Chidambaram Stadium, Chepauk",Chennai Super Kings,Chennai Super Kings,Punjab Kings,field,Punjab Kings,,,tie,J Theron,129,494,129,494,14798.0
419122,2010,6,Mumbai,2010-03-22,Indian Premier League,17.0,male,T20,T20,20,2010,club,Brabourne Stadium,Kolkata Knight Riders,Mumbai Indians,Kolkata Knight Riders,bat,Mumbai Indians,,7.0,win,SR Tendulkar,3,6,6,3,12580.0
419123,2010,6,Bangalore,2010-03-23,Indian Premier League,18.0,male,T20,T20,20,2010,club,M Chinnaswamy Stadium,Chennai Super Kings,Royal Challengers Bangalore,Chennai Super Kings,field,Royal Challengers Bangalore,36.0,,win,RV Uthappa,1,129,129,1,58.0
419124,2010,6,Chandigarh,2010-03-24,Indian Premier League,19.0,male,T20,T20,20,2010,club,"Punjab Cricket Association Stadium, Mohali",Punjab Kings,Punjab Kings,Rajasthan Royals,field,Rajasthan Royals,31.0,,win,AC Voges,494,134,494,134,14729.0
419125,2010,6,Mumbai,2010-03-25,Indian Premier League,21.0,male,T20,T20,20,2010,club,"Brabourne Stadium, Mumbai",Mumbai Indians,Chennai Super Kings,Mumbai Indians,field,Mumbai Indians,,5.0,win,SR Tendulkar,129,3,3,3,12580.0
419126,2010,6,Ahmedabad,2010-03-26,Indian Premier League,22.0,male,T20,T20,20,2010,club,"Sardar Patel Stadium, Motera",Sunrisers Hyderabad,Rajasthan Royals,Sunrisers Hyderabad,bat,Rajasthan Royals,,8.0,win,YK Pathan,134,2,2,134,60.0
419127,2010,6,Chandigarh,2010-03-27,Indian Premier League,23.0,male,T20,T20,20,2010,club,"Punjab Cricket Association Stadium, Mohali",Kolkata Knight Riders,Punjab Kings,Kolkata Knight Riders,bat,Kolkata Knight Riders,39.0,,win,MK Tiwary,494,6,6,6,39.0
419128,2010,6,Bangalore,2010-03-25,Indian Premier League,20.0,male,T20,T20,20,2010,club,M Chinnaswamy Stadium,Royal Challengers Bangalore,Royal Challengers Bangalore,Delhi Capitals,field,Delhi Capitals,17.0,,win,KM Jadhav,1,252,1,252,4.0
419129,2010,6,Ahmedabad,2010-03-28,Indian Premier League,24.0,male,T20,T20,20,2010,club,"Sardar Patel Stadium, Motera",Rajasthan Royals,Rajasthan Royals,Chennai Super Kings,bat,Rajasthan Royals,17.0,,win,NV Ojha,134,129,134,134,18.0
419130,2010,6,Mumbai,2010-03-28,Indian Premier League,25.0,male,T20,T20,20,2010,club,Dr DY Patil Sports Academy,Sunrisers Hyderabad,Sunrisers Hyderabad,Mumbai Indians,field,Mumbai Indians,41.0,,win,Harbhajan Singh,2,3,2,3,228.0
419131,2010,6,Delhi,2010-03-29,Indian Premier League,26.0,male,T20,T20,20,2010,club,Feroz Shah Kotla,Delhi Capitals,Delhi Capitals,Kolkata Knight Riders,bat,Delhi Capitals,40.0,,win,DA Warner,252,6,252,252,12.0
419132,2010,6,Mumbai,2010-03-30,Indian Premier League,27.0,male,T20,T20,20,2010,club,Brabourne Stadium,Mumbai Indians,Mumbai Indians,Punjab Kings,field,Mumbai Indians,,4.0,win,SL Malinga,3,494,3,3,230.0
419133,2010,6,Chennai,2010-03-31,Indian Premier League,28.0,male,T20,T20,20,2010,club,"MA Chidambaram Stadium, Chepauk",Royal Challengers Bangalore,Chennai Super Kings,Royal Challengers Bangalore,bat,Chennai Super Kings,,5.0,win,M Vijay,129,1,1,129,1630.0
419134,2010,6,Delhi,2010-03-31,Indian Premier League,29.0,male,T20,T20,20,2010,club,Feroz Shah Kotla,Delhi Capitals,Delhi Capitals,Rajasthan Royals,bat,Delhi Capitals,67.0,,win,KD Karthik,252,134,252,252,49.0
419135,2010,6,Kolkata,2010-04-01,Indian Premier League,30.0,male,T20,T20,20,2010,club,Eden Gardens,Kolkata Knight Riders,Kolkata Knight Riders,Sunrisers Hyderabad,bat,Kolkata Knight Riders,24.0,,win,SC Ganguly,6,2,6,6,11919.0
419136,2010,6,Chandigarh,2010-04-02,Indian Premier League,31.0,male,T20,T20,20,2010,club,"Punjab Cricket Association Stadium, Mohali",Punjab Kings,Punjab Kings,Royal Challengers Bangalore,bat,Royal Challengers Bangalore,,6.0,win,KP Pietersen,494,1,494,1,13231.0
419137,2010,6,Chennai,2010-04-03,Indian Premier League,32.0,male,T20,T20,20,2010,club,"MA Chidambaram Stadium, Chepauk",Chennai Super Kings,Chennai Super Kings,Rajasthan Royals,bat,Chennai Super Kings,23.0,,win,M Vijay,129,134,129,129,1630.0
419138,2010,6,Mumbai,2010-04-03,Indian Premier League,33.0,male,T20,T20,20,2010,club,Brabourne Stadium,Mumbai Indians,Mumbai Indians,Sunrisers Hyderabad,bat,Mumbai Indians,63.0,,win,AT Rayudu,3,2,3,3,27.0
419139,2010,6,Kolkata,2010-04-04,Indian Premier League,34.0,male,T20,T20,20,2010,club,Eden Gardens,Kolkata Knight Riders,Kolkata Knight Riders,Punjab Kings,bat,Punjab Kings,,8.0,win,DPMD Jayawardene,6,494,6,494,12032.0
419140,2010,6,Delhi,2010-04-04,Indian Premier League,35.0,male,T20,T20,20,2010,club,Feroz Shah Kotla,Delhi Capitals,Delhi Capitals,Royal Challengers Bangalore,bat,Delhi Capitals,37.0,,win,PD Collingwood,252,1,252,252,15003.0
419141,2010,6,Nagpur,2010-04-05,Indian Premier League,36.0,male,T20,T20,20,2010,club,"Vidarbha Cricket Association Stadium, Jamtha",Rajasthan Royals,Sunrisers Hyderabad,Rajasthan Royals,bat,Rajasthan Royals,2.0,,win,SK Warne,2,134,134,134,11971.0
419142,2010,6,Chennai,2010-04-06,Indian Premier League,37.0,male,T20,T20,20,2010,club,"MA Chidambaram Stadium, Chepauk",Chennai Super Kings,Chennai Super Kings,Mumbai Indians,bat,Chennai Super Kings,24.0,,win,SK Raina,129,3,129,129,47.0
419143,2010,6,Jaipur,2010-04-07,Indian Premier League,38.0,male,T20,T20,20,2010,club,Sawai Mansingh Stadium,Punjab Kings,Rajasthan Royals,Punjab Kings,bat,Rajasthan Royals,,9.0,win,MJ Lumb,134,494,494,134,14648.0
419144,2010,6,Kolkata,2010-04-07,Indian Premier League,39.0,male,T20,T20,20,2010,club,Eden Gardens,Kolkata Knight Riders,Kolkata Knight Riders,Delhi Capitals,bat,Kolkata Knight Riders,14.0,,win,SC Ganguly,6,252,6,6,11919.0
419145,2010,6,Bangalore,2010-04-08,Indian Premier League,40.0,male,T20,T20,20,2010,club,M Chinnaswamy Stadium,Sunrisers Hyderabad,Royal Challengers Bangalore,Sunrisers Hyderabad,field,Sunrisers Hyderabad,,7.0,win,TL Suman,1,2,2,2,13595.0
419146,2010,6,Chandigarh,2010-04-09,Indian Premier League,41.0,male,T20,T20,20,2010,club,"Punjab Cricket Association Stadium, Mohali",Mumbai Indians,Punjab Kings,Mumbai Indians,bat,Punjab Kings,,6.0,win,KC Sangakkara,494,3,3,494,11954.0
419147,2010,6,Nagpur,2010-04-10,Indian Premier League,42.0,male,T20,T20,20,2010,club,"Vidarbha Cricket Association Stadium, Jamtha",Chennai Super Kings,Sunrisers Hyderabad,Chennai Super Kings,bat,Sunrisers Hyderabad,,6.0,win,RJ Harris,2,129,129,2,13785.0
419148,2010,6,Bangalore,2010-04-10,Indian Premier League,43.0,male,T20,T20,20,2010,club,M Chinnaswamy Stadium,Royal Challengers Bangalore,Royal Challengers Bangalore,Kolkata Knight Riders,field,Royal Challengers Bangalore,,7.0,win,R Vinay Kumar,1,6,1,1,1242.0
419149,2010,6,Delhi,2010-04-11,Indian Premier League,44.0,male,T20,T20,20,2010,club,Feroz Shah Kotla,Delhi Capitals,Delhi Capitals,Punjab Kings,bat,Punjab Kings,,7.0,win,PP Chawla,252,494,252,494,63.0
419150,2010,6,Jaipur,2010-04-11,Indian Premier League,45.0,male,T20,T20,20,2010,club,Sawai Mansingh Stadium,Rajasthan Royals,Rajasthan Royals,Mumbai Indians,field,Mumbai Indians,37.0,,win,SR Tendulkar,134,3,134,3,12580.0
419151,2010,6,Nagpur,2010-04-12,Indian Premier League,46.0,male,T20,T20,20,2010,club,"Vidarbha Cricket Association Stadium, Jamtha",Royal Challengers Bangalore,Sunrisers Hyderabad,Royal Challengers Bangalore,field,Sunrisers Hyderabad,13.0,,win,Harmeet Singh,2,1,1,2,13267.0
419152,2010,6,Mumbai,2010-04-13,Indian Premier League,47.0,male,T20,T20,20,2010,club,Brabourne Stadium,Mumbai Indians,Mumbai Indians,Delhi Capitals,bat,Mumbai Indians,39.0,,win,KA Pollard,3,252,3,3,29.0
419153,2010,6,Chennai,2010-04-13,Indian Premier League,48.0,male,T20,T20,20,2010,club,"MA Chidambaram Stadium, Chepauk",Kolkata Knight Riders,Chennai Super Kings,Kolkata Knight Riders,bat,Chennai Super Kings,,9.0,win,R Ashwin,129,6,6,129,1416.0
419154,2010,6,Jaipur,2010-04-14,Indian Premier League,49.0,male,T20,T20,20,2010,club,Sawai Mansingh Stadium,Rajasthan Royals,Rajasthan Royals,Royal Challengers Bangalore,bat,Royal Challengers Bangalore,,5.0,win,KP Pietersen,134,1,134,1,13231.0
419155,2010,6,Chennai,2010-04-15,Indian Premier League,50.0,male,T20,T20,20,2010,club,"MA Chidambaram Stadium, Chepauk",Chennai Super Kings,Chennai Super Kings,Delhi Capitals,bat,Delhi Capitals,,6.0,win,G Gambhir,129,252,129,252,56.0
419156,2010,6,Dharamsala,2010-04-16,Indian Premier League,51.0,male,T20,T20,20,2010,club,Himachal Pradesh Cricket Association Stadium,Sunrisers Hyderabad,Punjab Kings,Sunrisers Hyderabad,field,Sunrisers Hyderabad,,5.0,win,RG Sharma,494,2,2,2,25.0
419157,2010,6,Bangalore,2010-04-17,Indian Premier League,52.0,male,T20,T20,20,2010,club,M Chinnaswamy Stadium,Royal Challengers Bangalore,Royal Challengers Bangalore,Mumbai Indians,field,Mumbai Indians,57.0,,win,R McLaren,1,3,1,3,14478.0
419158,2010,6,Kolkata,2010-04-17,Indian Premier League,53.0,male,T20,T20,20,2010,club,Eden Gardens,Rajasthan Royals,Kolkata Knight Riders,Rajasthan Royals,bat,Kolkata Knight Riders,,8.0,win,JD Unadkat,6,134,134,6,438.0
419159,2010,6,Dharamsala,2010-04-18,Indian Premier League,54.0,male,T20,T20,20,2010,club,Himachal Pradesh Cricket Association Stadium,Chennai Super Kings,Punjab Kings,Chennai Super Kings,field,Chennai Super Kings,,6.0,win,MS Dhoni,494,129,129,129,38.0
419160,2010,6,Delhi,2010-04-18,Indian Premier League,55.0,male,T20,T20,20,2010,club,Feroz Shah Kotla,Sunrisers Hyderabad,Delhi Capitals,Sunrisers Hyderabad,bat,Sunrisers Hyderabad,11.0,,win,A Symonds,252,2,2,2,12010.0
419161,2010,6,Kolkata,2010-04-19,Indian Premier League,56.0,male,T20,T20,20,2010,club,Eden Gardens,Mumbai Indians,Kolkata Knight Riders,Mumbai Indians,bat,Kolkata Knight Riders,,9.0,win,M Kartik,6,3,3,6,11928.0
419162,2010,6,Mumbai,2010-04-21,Indian Premier League,,male,T20,T20,20,2010,club,Dr DY Patil Sports Academy,Mumbai Indians,Royal Challengers Bangalore,Mumbai Indians,bat,Mumbai Indians,35.0,,win,KA Pollard,1,3,3,3,29.0
419163,2010,6,Mumbai,2010-04-22,Indian Premier League,,male,T20,T20,20,2010,club,Dr DY Patil Sports Academy,Chennai Super Kings,Chennai Super Kings,Sunrisers Hyderabad,bat,Chennai Super Kings,38.0,,win,DE Bollinger,129,2,129,129,15140.0
419164,2010,6,Mumbai,2010-04-24,Indian Premier League,,male,T20,T20,20,2010,club,Dr DY Patil Sports Academy,Sunrisers Hyderabad,Royal Challengers Bangalore,Sunrisers Hyderabad,bat,Royal Challengers Bangalore,,9.0,win,A Kumble,1,2,2,1,12160.0
419165,2010,6,Mumbai,2010-04-25,Indian Premier League,,male,T20,T20,20,2010,club,Dr DY Patil Sports Academy,Chennai Super Kings,Chennai Super Kings,Mumbai Indians,bat,Chennai Super Kings,22.0,,win,SK Raina,129,3,129,129,47.0
501198,2011,6,Chennai,2011-04-08,Indian Premier League,1.0,male,T20,T20,20,2011,club,"MA Chidambaram Stadium, Chepauk",Chennai Super Kings,Chennai Super Kings,Kolkata Knight Riders,bat,Chennai Super Kings,2.0,,win,S Anirudha,129,6,129,129,12471.0
501199,2011,6,Hyderabad,2011-04-09,Indian Premier League,2.0,male,T20,T20,20,2011,club,"Rajiv Gandhi International Stadium, Uppal",Rajasthan Royals,Sunrisers Hyderabad,Rajasthan Royals,field,Rajasthan Royals,,8.0,win,SK Trivedi,2,134,134,134,11972.0
501200,2011,6,Kochi,2011-04-09,Indian Premier League,3.0,male,T20,T20,20,2011,club,Nehru Stadium,Kochi Tuskers Kerala,Kochi Tuskers Kerala,Royal Challengers Bangalore,bat,Royal Challengers Bangalore,,6.0,win,AB de Villiers,1414,1,1414,1,245.0
501201,2011,6,Delhi,2011-04-10,Indian Premier League,4.0,male,T20,T20,20,2011,club,Feroz Shah Kotla,Delhi Capitals,Delhi Capitals,Mumbai Indians,bat,Mumbai Indians,,8.0,win,SL Malinga,252,3,252,3,230.0
501202,2011,6,Mumbai,2011-04-10,Indian Premier League,5.0,male,T20,T20,20,2011,club,Dr DY Patil Sports Academy,Punjab Kings,Pune Warriors,Punjab Kings,bat,Pune Warriors,,7.0,win,SB Wagh,1419,494,494,1419,15150.0
501203,2011,6,Kolkata,2011-04-11,Indian Premier League,6.0,male,T20,T20,20,2011,club,Eden Gardens,Kolkata Knight Riders,Kolkata Knight Riders,Sunrisers Hyderabad,bat,Kolkata Knight Riders,9.0,,win,JH Kallis,6,2,6,6,11933.0
501204,2011,6,Jaipur,2011-04-12,Indian Premier League,7.0,male,T20,T20,20,2011,club,Sawai Mansingh Stadium,Delhi Capitals,Rajasthan Royals,Delhi Capitals,bat,Rajasthan Royals,,6.0,win,SK Warne,134,252,252,134,11971.0
501205,2011,6,Bangalore,2011-04-12,Indian Premier League,8.0,male,T20,T20,20,2011,club,M Chinnaswamy Stadium,Mumbai Indians,Royal Challengers Bangalore,Mumbai Indians,field,Mumbai Indians,,9.0,win,SR Tendulkar,1,3,3,3,12580.0
501206,2011,6,Chandigarh,2011-04-13,Indian Premier League,9.0,male,T20,T20,20,2011,club,"Punjab Cricket Association Stadium, Mohali",Punjab Kings,Punjab Kings,Chennai Super Kings,field,Punjab Kings,,6.0,win,PC Valthaty,494,129,494,494,13383.0
501207,2011,6,Mumbai,2011-04-13,Indian Premier League,10.0,male,T20,T20,20,2011,club,Dr DY Patil Sports Academy,Kochi Tuskers Kerala,Pune Warriors,Kochi Tuskers Kerala,bat,Pune Warriors,,4.0,win,MD Mishra,1419,1414,1414,1419,14757.0
501208,2011,6,Hyderabad,2011-04-14,Indian Premier League,11.0,male,T20,T20,20,2011,club,"Rajiv Gandhi International Stadium, Uppal",Royal Challengers Bangalore,Sunrisers Hyderabad,Royal Challengers Bangalore,field,Sunrisers Hyderabad,33.0,,win,DW Steyn,2,1,1,2,3451.0
501209,2011,6,Jaipur,2011-04-15,Indian Premier League,12.0,male,T20,T20,20,2011,club,Sawai Mansingh Stadium,Kolkata Knight Riders,Rajasthan Royals,Kolkata Knight Riders,field,Kolkata Knight Riders,,9.0,win,G Gambhir,134,6,6,6,56.0
501210,2011,6,Mumbai,2011-04-15,Indian Premier League,13.0,male,T20,T20,20,2011,club,Wankhede Stadium,Kochi Tuskers Kerala,Mumbai Indians,Kochi Tuskers Kerala,field,Kochi Tuskers Kerala,,8.0,win,BB McCullum,3,1414,1414,1414,46.0
501211,2011,6,Chennai,2011-04-16,Indian Premier League,14.0,male,T20,T20,20,2011,club,"MA Chidambaram Stadium, Chepauk",Chennai Super Kings,Chennai Super Kings,Royal Challengers Bangalore,bat,Chennai Super Kings,21.0,,win,MEK Hussey,129,1,129,129,11943.0
501212,2011,6,Hyderabad,2011-04-16,Indian Premier League,15.0,male,T20,T20,20,2011,club,"Rajiv Gandhi International Stadium, Uppal",Punjab Kings,Sunrisers Hyderabad,Punjab Kings,field,Punjab Kings,,8.0,win,PC Valthaty,2,494,494,494,13383.0
501213,2011,6,Mumbai,2011-04-17,Indian Premier League,16.0,male,T20,T20,20,2011,club,Dr DY Patil Sports Academy,Delhi Capitals,Pune Warriors,Delhi Capitals,field,Delhi Capitals,,3.0,win,Yuvraj Singh,1419,252,252,252,15.0
501214,2011,6,Kolkata,2011-04-17,Indian Premier League,17.0,male,T20,T20,20,2011,club,Eden Gardens,Kolkata Knight Riders,Kolkata Knight Riders,Rajasthan Royals,field,Kolkata Knight Riders,,8.0,win,L Balaji,6,134,6,6,12523.0
501215,2011,6,Kochi,2011-04-18,Indian Premier League,18.0,male,T20,T20,20,2011,club,Nehru Stadium,Kochi Tuskers Kerala,Kochi Tuskers Kerala,Chennai Super Kings,field,Kochi Tuskers Kerala,,7.0,win,BB McCullum,1414,129,1414,1414,46.0
501216,2011,6,Delhi,2011-04-19,Indian Premier League,19.0,male,T20,T20,20,2011,club,Feroz Shah Kotla,Sunrisers Hyderabad,Delhi Capitals,Sunrisers Hyderabad,bat,Sunrisers Hyderabad,16.0,,win,S Sohal,252,2,2,2,12035.0
501218,2011,6,Mumbai,2011-04-20,Indian Premier League,21.0,male,T20,T20,20,2011,club,Wankhede Stadium,Pune Warriors,Mumbai Indians,Pune Warriors,bat,Mumbai Indians,,7.0,win,MM Patel,3,1419,1419,3,418.0
501219,2011,6,Kolkata,2011-04-20,Indian Premier League,22.0,male,T20,T20,20,2011,club,Eden Gardens,Kolkata Knight Riders,Kolkata Knight Riders,Kochi Tuskers Kerala,field,Kochi Tuskers Kerala,6.0,,win,DPMD Jayawardene,6,1414,6,1414,12032.0
501220,2011,6,Chandigarh,2011-04-21,Indian Premier League,23.0,male,T20,T20,20,2011,club,"Punjab Cricket Association Stadium, Mohali",Rajasthan Royals,Punjab Kings,Rajasthan Royals,field,Punjab Kings,48.0,,win,SE Marsh,494,134,134,494,541.0
501221,2011,6,Mumbai,2011-04-22,Indian Premier League,25.0,male,T20,T20,20,2011,club,Wankhede Stadium,Chennai Super Kings,Mumbai Indians,Chennai Super Kings,field,Mumbai Indians,8.0,,win,Harbhajan Singh,3,129,129,3,228.0
501222,2011,6,Kolkata,2011-04-22,Indian Premier League,24.0,male,T20,T20,20,2011,club,Eden Gardens,Royal Challengers Bangalore,Kolkata Knight Riders,Royal Challengers Bangalore,field,Royal Challengers Bangalore,,9.0,win,CH Gayle,6,1,1,1,1.0
501223,2011,6,Delhi,2011-04-23,Indian Premier League,26.0,male,T20,T20,20,2011,club,Feroz Shah Kotla,Punjab Kings,Delhi Capitals,Punjab Kings,field,Delhi Capitals,29.0,,win,DA Warner,252,494,494,252,12.0
501224,2011,6,Hyderabad,2011-04-24,Indian Premier League,27.0,male,T20,T20,20,2011,club,"Rajiv Gandhi International Stadium, Uppal",Sunrisers Hyderabad,Sunrisers Hyderabad,Mumbai Indians,field,Mumbai Indians,37.0,,win,SL Malinga,2,3,2,3,230.0
501225,2011,6,Jaipur,2011-04-24,Indian Premier League,28.0,male,T20,T20,20,2011,club,Sawai Mansingh Stadium,Rajasthan Royals,Rajasthan Royals,Kochi Tuskers Kerala,field,Rajasthan Royals,,8.0,win,SK Warne,134,1414,134,134,11971.0
501226,2011,6,Chennai,2011-04-25,Indian Premier League,29.0,male,T20,T20,20,2011,club,"MA Chidambaram Stadium, Chepauk",Pune Warriors,Chennai Super Kings,Pune Warriors,field,Chennai Super Kings,25.0,,win,MEK Hussey,129,1419,1419,129,11943.0
501227,2011,6,Delhi,2011-04-26,Indian Premier League,30.0,male,T20,T20,20,2011,club,Feroz Shah Kotla,Royal Challengers Bangalore,Delhi Capitals,Royal Challengers Bangalore,field,Royal Challengers Bangalore,,3.0,win,V Kohli,252,1,1,1,332.0
501228,2011,6,Mumbai,2011-04-27,Indian Premier League,31.0,male,T20,T20,20,2011,club,Dr DY Patil Sports Academy,Pune Warriors,Pune Warriors,Chennai Super Kings,bat,Chennai Super Kings,,8.0,win,DE Bollinger,1419,129,1419,129,15140.0
501229,2011,6,Kochi,2011-04-27,Indian Premier League,32.0,male,T20,T20,20,2011,club,Nehru Stadium,Kochi Tuskers Kerala,Kochi Tuskers Kerala,Sunrisers Hyderabad,field,Sunrisers Hyderabad,55.0,,win,I Sharma,1414,2,1414,2,308.0
501230,2011,6,Delhi,2011-04-28,Indian Premier League,33.0,male,T20,T20,20,2011,club,Feroz Shah Kotla,Delhi Capitals,Delhi Capitals,Kolkata Knight Riders,field,Kolkata Knight Riders,17.0,,win,MK Tiwary,252,6,252,6,39.0
501231,2011,6,Jaipur,2011-04-29,Indian Premier League,34.0,male,T20,T20,20,2011,club,Sawai Mansingh Stadium,Rajasthan Royals,Rajasthan Royals,Mumbai Indians,field,Rajasthan Royals,,7.0,win,J Botha,134,3,134,134,14136.0
501232,2011,6,Bangalore,2011-04-29,Indian Premier League,35.0,male,T20,T20,20,2011,club,M Chinnaswamy Stadium,Pune Warriors,Royal Challengers Bangalore,Pune Warriors,field,Royal Challengers Bangalore,26.0,,win,V Kohli,1,1419,1419,1,332.0
501233,2011,6,Kochi,2011-04-30,Indian Premier League,36.0,male,T20,T20,20,2011,club,Nehru Stadium,Delhi Capitals,Kochi Tuskers Kerala,Delhi Capitals,bat,Delhi Capitals,38.0,,win,V Sehwag,1414,252,252,252,11975.0
501234,2011,6,Kolkata,2011-04-30,Indian Premier League,37.0,male,T20,T20,20,2011,club,Eden Gardens,Kolkata Knight Riders,Kolkata Knight Riders,Punjab Kings,field,Kolkata Knight Riders,,8.0,win,Iqbal Abdulla,6,494,6,6,173.0
501235,2011,6,Jaipur,2011-05-01,Indian Premier League,38.0,male,T20,T20,20,2011,club,Sawai Mansingh Stadium,Rajasthan Royals,Rajasthan Royals,Pune Warriors,field,Rajasthan Royals,,6.0,win,LRPL Taylor,134,1419,134,134,11998.0
501236,2011,6,Chennai,2011-05-01,Indian Premier League,39.0,male,T20,T20,20,2011,club,"MA Chidambaram Stadium, Chepauk",Chennai Super Kings,Chennai Super Kings,Sunrisers Hyderabad,bat,Chennai Super Kings,19.0,,win,JA Morkel,129,2,129,129,12234.0
501237,2011,6,Mumbai,2011-05-02,Indian Premier League,40.0,male,T20,T20,20,2011,club,Wankhede Stadium,Punjab Kings,Mumbai Indians,Punjab Kings,field,Mumbai Indians,23.0,,win,KA Pollard,3,494,494,3,29.0
501238,2011,6,Delhi,2011-05-02,Indian Premier League,41.0,male,T20,T20,20,2011,club,Feroz Shah Kotla,Kochi Tuskers Kerala,Delhi Capitals,Kochi Tuskers Kerala,field,Kochi Tuskers Kerala,,7.0,win,P Parameswaran,252,1414,1414,1414,16648.0
501239,2011,6,Hyderabad,2011-05-03,Indian Premier League,42.0,male,T20,T20,20,2011,club,"Rajiv Gandhi International Stadium, Uppal",Sunrisers Hyderabad,Sunrisers Hyderabad,Kolkata Knight Riders,field,Kolkata Knight Riders,20.0,,win,YK Pathan,2,6,2,6,60.0
501240,2011,6,Chennai,2011-05-04,Indian Premier League,43.0,male,T20,T20,20,2011,club,"MA Chidambaram Stadium, Chepauk",Rajasthan Royals,Chennai Super Kings,Rajasthan Royals,bat,Chennai Super Kings,,8.0,win,MEK Hussey,129,134,134,129,11943.0
501241,2011,6,Mumbai,2011-05-04,Indian Premier League,44.0,male,T20,T20,20,2011,club,Dr DY Patil Sports Academy,Pune Warriors,Pune Warriors,Mumbai Indians,field,Mumbai Indians,21.0,,win,R Sharma,1419,3,1419,3,14765.0
501242,2011,6,Kochi,2011-05-05,Indian Premier League,45.0,male,T20,T20,20,2011,club,Nehru Stadium,Kolkata Knight Riders,Kochi Tuskers Kerala,Kolkata Knight Riders,field,Kochi Tuskers Kerala,17.0,,win,BJ Hodge,1414,6,6,1414,12318.0
501243,2011,6,Hyderabad,2011-05-05,Indian Premier League,46.0,male,T20,T20,20,2011,club,"Rajiv Gandhi International Stadium, Uppal",Delhi Capitals,Sunrisers Hyderabad,Delhi Capitals,field,Delhi Capitals,,4.0,win,V Sehwag,2,252,252,252,11975.0
501244,2011,6,Bangalore,2011-05-06,Indian Premier League,47.0,male,T20,T20,20,2011,club,M Chinnaswamy Stadium,Punjab Kings,Royal Challengers Bangalore,Punjab Kings,field,Royal Challengers Bangalore,85.0,,win,CH Gayle,1,494,494,1,1.0
501245,2011,6,Kolkata,2011-05-07,Indian Premier League,48.0,male,T20,T20,20,2011,club,Eden Gardens,Chennai Super Kings,Kolkata Knight Riders,Chennai Super Kings,bat,Kolkata Knight Riders,10.0,,win,Iqbal Abdulla,6,129,129,6,173.0
501246,2011,6,Mumbai,2011-05-07,Indian Premier League,49.0,male,T20,T20,20,2011,club,Wankhede Stadium,Delhi Capitals,Mumbai Indians,Delhi Capitals,field,Mumbai Indians,32.0,,win,AT Rayudu,3,252,252,3,27.0
501247,2011,6,Bangalore,2011-05-08,Indian Premier League,50.0,male,T20,T20,20,2011,club,M Chinnaswamy Stadium,Kochi Tuskers Kerala,Royal Challengers Bangalore,Kochi Tuskers Kerala,bat,Royal Challengers Bangalore,,9.0,win,CH Gayle,1,1414,1414,1,1.0
501248,2011,6,Chandigarh,2011-05-08,Indian Premier League,51.0,male,T20,T20,20,2011,club,"Punjab Cricket Association Stadium, Mohali",Punjab Kings,Punjab Kings,Pune Warriors,bat,Pune Warriors,,5.0,win,R Sharma,494,1419,494,1419,14765.0
501249,2011,6,Jaipur,2011-05-09,Indian Premier League,52.0,male,T20,T20,20,2011,club,Sawai Mansingh Stadium,Rajasthan Royals,Rajasthan Royals,Chennai Super Kings,field,Chennai Super Kings,63.0,,win,M Vijay,134,129,134,129,1630.0
501250,2011,6,Hyderabad,2011-05-10,Indian Premier League,53.0,male,T20,T20,20,2011,club,"Rajiv Gandhi International Stadium, Uppal",Sunrisers Hyderabad,Sunrisers Hyderabad,Pune Warriors,bat,Pune Warriors,,6.0,win,MR Marsh,2,1419,2,1419,4960.0
501251,2011,6,Chandigarh,2011-05-10,Indian Premier League,54.0,male,T20,T20,20,2011,club,"Punjab Cricket Association Stadium, Mohali",Mumbai Indians,Punjab Kings,Mumbai Indians,field,Punjab Kings,76.0,,win,BA Bhatt,494,3,3,494,15867.0
501252,2011,6,Jaipur,2011-05-11,Indian Premier League,55.0,male,T20,T20,20,2011,club,Sawai Mansingh Stadium,Royal Challengers Bangalore,Rajasthan Royals,Royal Challengers Bangalore,field,Royal Challengers Bangalore,,9.0,win,S Aravind,134,1,1,1,8.0
501253,2011,6,Chennai,2011-05-12,Indian Premier League,56.0,male,T20,T20,20,2011,club,"MA Chidambaram Stadium, Chepauk",Chennai Super Kings,Chennai Super Kings,Delhi Capitals,bat,Chennai Super Kings,18.0,,win,MS Dhoni,129,252,129,129,38.0
501254,2011,6,Indore,2011-05-13,Indian Premier League,57.0,male,T20,T20,20,2011,club,Holkar Cricket Stadium,Punjab Kings,Kochi Tuskers Kerala,Punjab Kings,field,Punjab Kings,,6.0,win,KD Karthik,1414,494,494,494,49.0
501255,2011,6,Bangalore,2011-05-14,Indian Premier League,58.0,male,T20,T20,20,2011,club,M Chinnaswamy Stadium,Royal Challengers Bangalore,Royal Challengers Bangalore,Kolkata Knight Riders,field,Royal Challengers Bangalore,,4.0,win,CH Gayle,1,6,1,1,1.0
501256,2011,6,Mumbai,2011-05-14,Indian Premier League,59.0,male,T20,T20,20,2011,club,Wankhede Stadium,Sunrisers Hyderabad,Mumbai Indians,Sunrisers Hyderabad,bat,Sunrisers Hyderabad,10.0,,win,A Mishra,3,2,2,2,185.0
501257,2011,6,Dharamsala,2011-05-15,Indian Premier League,60.0,male,T20,T20,20,2011,club,Himachal Pradesh Cricket Association Stadium,Delhi Capitals,Punjab Kings,Delhi Capitals,field,Punjab Kings,29.0,,win,PP Chawla,494,252,252,494,63.0
501258,2011,6,Indore,2011-05-15,Indian Premier League,61.0,male,T20,T20,20,2011,club,Holkar Cricket Stadium,Kochi Tuskers Kerala,Kochi Tuskers Kerala,Rajasthan Royals,field,Kochi Tuskers Kerala,,8.0,win,BJ Hodge,1414,134,1414,1414,12318.0
501259,2011,6,Mumbai,2011-05-16,Indian Premier League,62.0,male,T20,T20,20,2011,club,Dr DY Patil Sports Academy,Sunrisers Hyderabad,Pune Warriors,Sunrisers Hyderabad,field,Sunrisers Hyderabad,,6.0,win,A Mishra,1419,2,2,2,185.0
501260,2011,6,Dharamsala,2011-05-17,Indian Premier League,63.0,male,T20,T20,20,2011,club,Himachal Pradesh Cricket Association Stadium,Punjab Kings,Punjab Kings,Royal Challengers Bangalore,bat,Punjab Kings,111.0,,win,AC Gilchrist,494,1,494,494,12007.0
501261,2011,6,Chennai,2011-05-18,Indian Premier League,64.0,male,T20,T20,20,2011,club,"MA Chidambaram Stadium, Chepauk",Chennai Super Kings,Chennai Super Kings,Kochi Tuskers Kerala,bat,Chennai Super Kings,11.0,,win,WP Saha,129,1414,129,129,69.0
501262,2011,6,Mumbai,2011-05-19,Indian Premier League,65.0,male,T20,T20,20,2011,club,Dr DY Patil Sports Academy,Kolkata Knight Riders,Pune Warriors,Kolkata Knight Riders,field,Kolkata Knight Riders,,7.0,win,YK Pathan,1419,6,6,6,60.0
501263,2011,6,Mumbai,2011-05-20,Indian Premier League,66.0,male,T20,T20,20,2011,club,Wankhede Stadium,Mumbai Indians,Mumbai Indians,Rajasthan Royals,bat,Rajasthan Royals,,10.0,win,SR Watson,3,134,3,134,5.0
501264,2011,6,Dharamsala,2011-05-21,Indian Premier League,67.0,male,T20,T20,20,2011,club,Himachal Pradesh Cricket Association Stadium,Punjab Kings,Punjab Kings,Sunrisers Hyderabad,field,Sunrisers Hyderabad,82.0,,win,S Dhawan,494,2,494,2,13.0
501265,2011,6,Delhi,2011-05-21,Indian Premier League,68.0,male,T20,T20,20,2011,club,Feroz Shah Kotla,Delhi Capitals,Delhi Capitals,Pune Warriors,bat,Pune Warriors,,,no result,,252,1419,252,1419,
501266,2011,6,Bangalore,2011-05-22,Indian Premier League,69.0,male,T20,T20,20,2011,club,M Chinnaswamy Stadium,Royal Challengers Bangalore,Royal Challengers Bangalore,Chennai Super Kings,field,Royal Challengers Bangalore,,8.0,win,CH Gayle,1,129,1,1,1.0
501267,2011,6,Kolkata,2011-05-22,Indian Premier League,70.0,male,T20,T20,20,2011,club,Eden Gardens,Mumbai Indians,Kolkata Knight Riders,Mumbai Indians,field,Mumbai Indians,,5.0,win,JEC Franklin,6,3,3,3,15851.0
501268,2011,6,Mumbai,2011-05-24,Indian Premier League,,male,T20,T20,20,2011,club,Wankhede Stadium,Chennai Super Kings,Royal Challengers Bangalore,Chennai Super Kings,field,Chennai Super Kings,,6.0,win,SK Raina,1,129,129,129,47.0
501269,2011,6,Mumbai,2011-05-25,Indian Premier League,,male,T20,T20,20,2011,club,Wankhede Stadium,Mumbai Indians,Mumbai Indians,Kolkata Knight Riders,field,Mumbai Indians,,4.0,win,MM Patel,3,6,3,3,418.0
501270,2011,6,Chennai,2011-05-27,Indian Premier League,,male,T20,T20,20,2011,club,"MA Chidambaram Stadium, Chepauk",Mumbai Indians,Royal Challengers Bangalore,Mumbai Indians,field,Royal Challengers Bangalore,43.0,,win,CH Gayle,1,3,3,1,1.0
501271,2011,6,Chennai,2011-05-28,Indian Premier League,,male,T20,T20,20,2011,club,"MA Chidambaram Stadium, Chepauk",Chennai Super Kings,Chennai Super Kings,Royal Challengers Bangalore,bat,Chennai Super Kings,58.0,,win,M Vijay,129,1,129,129,1630.0
548306,2012,6,Chennai,2012-04-04,Indian Premier League,1.0,male,T20,T20,20,2012,club,"MA Chidambaram Stadium, Chepauk",Mumbai Indians,Chennai Super Kings,Mumbai Indians,field,Mumbai Indians,,8.0,win,RE Levi,129,3,3,3,34272.0
548307,2012,6,Kolkata,2012-04-05,Indian Premier League,2.0,male,T20,T20,20,2012,club,Eden Gardens,Delhi Capitals,Kolkata Knight Riders,Delhi Capitals,field,Delhi Capitals,,8.0,win,IK Pathan,6,252,252,252,811.0
548308,2012,6,Mumbai,2012-04-06,Indian Premier League,3.0,male,T20,T20,20,2012,club,Wankhede Stadium,Mumbai Indians,Mumbai Indians,Pune Warriors,field,Pune Warriors,28.0,,win,SPD Smith,3,1419,3,1419,36.0
548309,2012,6,Jaipur,2012-04-06,Indian Premier League,4.0,male,T20,T20,20,2012,club,Sawai Mansingh Stadium,Punjab Kings,Rajasthan Royals,Punjab Kings,field,Rajasthan Royals,31.0,,win,AM Rahane,134,494,494,134,34.0
548310,2012,6,Bangalore,2012-04-07,Indian Premier League,5.0,male,T20,T20,20,2012,club,M Chinnaswamy Stadium,Delhi Capitals,Royal Challengers Bangalore,Delhi Capitals,field,Royal Challengers Bangalore,20.0,,win,AB de Villiers,1,252,252,1,245.0
548311,2012,6,Visakhapatnam,2012-04-07,Indian Premier League,6.0,male,T20,T20,20,2012,club,Dr. Y.S. Rajasekhara Reddy ACA-VDCA Cricket Stadium,Sunrisers Hyderabad,Sunrisers Hyderabad,Chennai Super Kings,field,Chennai Super Kings,74.0,,win,RA Jadeja,2,129,2,129,348.0
548312,2012,6,Jaipur,2012-04-08,Indian Premier League,7.0,male,T20,T20,20,2012,club,Sawai Mansingh Stadium,Kolkata Knight Riders,Rajasthan Royals,Kolkata Knight Riders,field,Rajasthan Royals,22.0,,win,BJ Hodge,134,6,6,134,12318.0
548313,2012,6,Pune,2012-04-08,Indian Premier League,8.0,male,T20,T20,20,2012,club,Subrata Roy Sahara Stadium,Pune Warriors,Pune Warriors,Punjab Kings,bat,Pune Warriors,22.0,,win,MN Samuels,1419,494,1419,1419,963.0
548314,2012,6,Visakhapatnam,2012-04-09,Indian Premier League,9.0,male,T20,T20,20,2012,club,Dr. Y.S. Rajasekhara Reddy ACA-VDCA Cricket Stadium,Sunrisers Hyderabad,Sunrisers Hyderabad,Mumbai Indians,bat,Mumbai Indians,,5.0,win,RG Sharma,2,3,2,3,25.0
548315,2012,6,Bangalore,2012-04-10,Indian Premier League,10.0,male,T20,T20,20,2012,club,M Chinnaswamy Stadium,Royal Challengers Bangalore,Royal Challengers Bangalore,Kolkata Knight Riders,field,Kolkata Knight Riders,42.0,,win,L Balaji,1,6,1,6,12523.0
548316,2012,6,Delhi,2012-04-10,Indian Premier League,11.0,male,T20,T20,20,2012,club,Feroz Shah Kotla,Delhi Capitals,Delhi Capitals,Chennai Super Kings,field,Delhi Capitals,,8.0,win,M Morkel,252,129,252,252,13863.0
548317,2012,6,Mumbai,2012-04-11,Indian Premier League,12.0,male,T20,T20,20,2012,club,Wankhede Stadium,Rajasthan Royals,Mumbai Indians,Rajasthan Royals,field,Mumbai Indians,27.0,,win,KA Pollard,3,134,134,3,29.0
548318,2012,6,Chennai,2012-04-12,Indian Premier League,13.0,male,T20,T20,20,2012,club,"MA Chidambaram Stadium, Chepauk",Royal Challengers Bangalore,Chennai Super Kings,Royal Challengers Bangalore,bat,Chennai Super Kings,,5.0,win,F du Plessis,129,1,1,129,267.0
548319,2012,6,Chandigarh,2012-04-12,Indian Premier League,14.0,male,T20,T20,20,2012,club,"Punjab Cricket Association Stadium, Mohali",Punjab Kings,Punjab Kings,Pune Warriors,field,Punjab Kings,,7.0,win,AD Mascarenhas,494,1419,494,494,12661.0
548320,2012,6,Kolkata,2012-04-13,Indian Premier League,15.0,male,T20,T20,20,2012,club,Eden Gardens,Rajasthan Royals,Kolkata Knight Riders,Rajasthan Royals,bat,Kolkata Knight Riders,,5.0,win,Shakib Al Hasan,6,134,134,6,579.0
548321,2012,6,Delhi,2012-04-19,Indian Premier League,23.0,male,T20,T20,20,2012,club,Feroz Shah Kotla,Sunrisers Hyderabad,Delhi Capitals,Sunrisers Hyderabad,bat,Delhi Capitals,,5.0,win,KP Pietersen,252,2,2,252,13231.0
548322,2012,6,Pune,2012-04-14,Indian Premier League,16.0,male,T20,T20,20,2012,club,Subrata Roy Sahara Stadium,Chennai Super Kings,Pune Warriors,Chennai Super Kings,bat,Pune Warriors,,7.0,win,JD Ryder,1419,129,129,1419,13228.0
548323,2012,6,Kolkata,2012-04-15,Indian Premier League,17.0,male,T20,T20,20,2012,club,Eden Gardens,Kolkata Knight Riders,Kolkata Knight Riders,Punjab Kings,field,Punjab Kings,2.0,,win,SP Narine,6,494,6,494,65.0
548324,2012,6,Bangalore,2012-04-15,Indian Premier League,18.0,male,T20,T20,20,2012,club,M Chinnaswamy Stadium,Rajasthan Royals,Royal Challengers Bangalore,Rajasthan Royals,bat,Rajasthan Royals,59.0,,win,AM Rahane,1,134,134,134,34.0
548325,2012,6,Mumbai,2012-04-16,Indian Premier League,19.0,male,T20,T20,20,2012,club,Wankhede Stadium,Delhi Capitals,Mumbai Indians,Delhi Capitals,field,Delhi Capitals,,7.0,win,S Nadeem,3,252,252,252,186.0
548326,2012,6,Jaipur,2012-04-17,Indian Premier League,20.0,male,T20,T20,20,2012,club,Sawai Mansingh Stadium,Sunrisers Hyderabad,Rajasthan Royals,Sunrisers Hyderabad,bat,Rajasthan Royals,,5.0,win,BJ Hodge,134,2,2,134,12318.0
548327,2012,6,Bangalore,2012-04-17,Indian Premier League,21.0,male,T20,T20,20,2012,club,M Chinnaswamy Stadium,Pune Warriors,Royal Challengers Bangalore,Pune Warriors,bat,Royal Challengers Bangalore,,6.0,win,CH Gayle,1,1419,1419,1,1.0
548328,2012,6,Chandigarh,2012-04-18,Indian Premier League,22.0,male,T20,T20,20,2012,club,"Punjab Cricket Association Stadium, Mohali",Punjab Kings,Punjab Kings,Kolkata Knight Riders,bat,Kolkata Knight Riders,,8.0,win,G Gambhir,494,6,494,6,56.0
548329,2012,6,Hyderabad,2012-05-10,Indian Premier League,55.0,male,T20,T20,20,2012,club,"Rajiv Gandhi International Stadium, Uppal",Sunrisers Hyderabad,Sunrisers Hyderabad,Delhi Capitals,bat,Delhi Capitals,,9.0,win,DA Warner,2,252,2,252,12.0
548330,2012,6,Chennai,2012-04-19,Indian Premier League,24.0,male,T20,T20,20,2012,club,"MA Chidambaram Stadium, Chepauk",Pune Warriors,Chennai Super Kings,Pune Warriors,field,Chennai Super Kings,13.0,,win,KMDN Kulasekara,129,1419,1419,129,16414.0
548331,2012,6,Chandigarh,2012-04-20,Indian Premier League,25.0,male,T20,T20,20,2012,club,"Punjab Cricket Association Stadium, Mohali",Royal Challengers Bangalore,Punjab Kings,Royal Challengers Bangalore,field,Royal Challengers Bangalore,,5.0,win,CH Gayle,494,1,1,1,1.0
548332,2012,6,Chennai,2012-04-21,Indian Premier League,26.0,male,T20,T20,20,2012,club,"MA Chidambaram Stadium, Chepauk",Rajasthan Royals,Chennai Super Kings,Rajasthan Royals,bat,Chennai Super Kings,,7.0,win,F du Plessis,129,134,134,129,267.0
548333,2012,6,Delhi,2012-04-21,Indian Premier League,27.0,male,T20,T20,20,2012,club,Feroz Shah Kotla,Delhi Capitals,Delhi Capitals,Pune Warriors,field,Pune Warriors,20.0,,win,SC Ganguly,252,1419,252,1419,11919.0
548334,2012,6,Mumbai,2012-04-22,Indian Premier League,28.0,male,T20,T20,20,2012,club,Wankhede Stadium,Mumbai Indians,Mumbai Indians,Punjab Kings,bat,Punjab Kings,,6.0,win,SE Marsh,3,494,3,494,541.0
548335,2012,6,Cuttack,2012-04-22,Indian Premier League,29.0,male,T20,T20,20,2012,club,Barabati Stadium,Kolkata Knight Riders,Sunrisers Hyderabad,Kolkata Knight Riders,field,Kolkata Knight Riders,,5.0,win,B Lee,2,6,6,6,11959.0
548336,2012,6,Jaipur,2012-04-23,Indian Premier League,30.0,male,T20,T20,20,2012,club,Sawai Mansingh Stadium,Rajasthan Royals,Rajasthan Royals,Royal Challengers Bangalore,field,Royal Challengers Bangalore,46.0,,win,AB de Villiers,134,1,134,1,245.0
548337,2012,6,Pune,2012-04-24,Indian Premier League,31.0,male,T20,T20,20,2012,club,Subrata Roy Sahara Stadium,Pune Warriors,Pune Warriors,Delhi Capitals,bat,Delhi Capitals,,8.0,win,V Sehwag,1419,252,1419,252,11975.0
548339,2012,6,Chandigarh,2012-04-25,Indian Premier League,33.0,male,T20,T20,20,2012,club,"Punjab Cricket Association Stadium, Mohali",Punjab Kings,Punjab Kings,Mumbai Indians,bat,Mumbai Indians,,4.0,win,AT Rayudu,494,3,494,3,27.0
548341,2012,6,Pune,2012-04-26,Indian Premier League,35.0,male,T20,T20,20,2012,club,Subrata Roy Sahara Stadium,Sunrisers Hyderabad,Pune Warriors,Sunrisers Hyderabad,bat,Sunrisers Hyderabad,18.0,,win,CL White,1419,2,2,2,11934.0
548342,2012,6,Delhi,2012-04-27,Indian Premier League,36.0,male,T20,T20,20,2012,club,Feroz Shah Kotla,Mumbai Indians,Delhi Capitals,Mumbai Indians,field,Delhi Capitals,37.0,,win,V Sehwag,252,3,3,252,11975.0
548343,2012,6,Chennai,2012-04-28,Indian Premier League,37.0,male,T20,T20,20,2012,club,"MA Chidambaram Stadium, Chepauk",Punjab Kings,Chennai Super Kings,Punjab Kings,bat,Punjab Kings,7.0,,win,Mandeep Singh,129,494,494,494,2.0
548344,2012,6,Kolkata,2012-04-28,Indian Premier League,38.0,male,T20,T20,20,2012,club,Eden Gardens,Kolkata Knight Riders,Kolkata Knight Riders,Royal Challengers Bangalore,bat,Kolkata Knight Riders,47.0,,win,G Gambhir,6,1,6,6,56.0
548345,2012,6,Delhi,2012-04-29,Indian Premier League,39.0,male,T20,T20,20,2012,club,Feroz Shah Kotla,Delhi Capitals,Delhi Capitals,Rajasthan Royals,bat,Delhi Capitals,1.0,,win,V Sehwag,252,134,252,252,11975.0
548346,2012,6,Mumbai,2012-04-29,Indian Premier League,40.0,male,T20,T20,20,2012,club,Wankhede Stadium,Mumbai Indians,Mumbai Indians,Sunrisers Hyderabad,field,Mumbai Indians,,5.0,win,DW Steyn,3,2,3,3,3451.0
548347,2012,6,Chennai,2012-04-30,Indian Premier League,41.0,male,T20,T20,20,2012,club,"MA Chidambaram Stadium, Chepauk",Chennai Super Kings,Chennai Super Kings,Kolkata Knight Riders,bat,Kolkata Knight Riders,,5.0,win,G Gambhir,129,6,129,6,56.0
548348,2012,6,Cuttack,2012-05-01,Indian Premier League,42.0,male,T20,T20,20,2012,club,Barabati Stadium,Sunrisers Hyderabad,Sunrisers Hyderabad,Pune Warriors,bat,Sunrisers Hyderabad,13.0,,win,KC Sangakkara,2,1419,2,2,11954.0
548349,2012,6,Jaipur,2012-05-01,Indian Premier League,43.0,male,T20,T20,20,2012,club,Sawai Mansingh Stadium,Rajasthan Royals,Rajasthan Royals,Delhi Capitals,bat,Delhi Capitals,,6.0,win,P Negi,134,252,134,252,172.0
548350,2012,6,Bangalore,2012-05-02,Indian Premier League,44.0,male,T20,T20,20,2012,club,M Chinnaswamy Stadium,Punjab Kings,Royal Challengers Bangalore,Punjab Kings,field,Punjab Kings,,4.0,win,Azhar Mahmood,1,494,494,494,34817.0
548351,2012,6,Pune,2012-05-03,Indian Premier League,45.0,male,T20,T20,20,2012,club,Subrata Roy Sahara Stadium,Mumbai Indians,Pune Warriors,Mumbai Indians,bat,Mumbai Indians,1.0,,win,SL Malinga,1419,3,3,3,230.0
548352,2012,6,Chennai,2012-05-04,Indian Premier League,46.0,male,T20,T20,20,2012,club,"MA Chidambaram Stadium, Chepauk",Chennai Super Kings,Chennai Super Kings,Sunrisers Hyderabad,bat,Chennai Super Kings,10.0,,win,SK Raina,129,2,129,129,47.0
548353,2012,6,Kolkata,2012-05-05,Indian Premier League,47.0,male,T20,T20,20,2012,club,Eden Gardens,Kolkata Knight Riders,Kolkata Knight Riders,Pune Warriors,bat,Kolkata Knight Riders,7.0,,win,SP Narine,6,1419,6,6,65.0
548354,2012,6,Chandigarh,2012-05-05,Indian Premier League,48.0,male,T20,T20,20,2012,club,"Punjab Cricket Association Stadium, Mohali",Rajasthan Royals,Punjab Kings,Rajasthan Royals,bat,Rajasthan Royals,43.0,,win,SR Watson,494,134,134,134,5.0
548355,2012,6,Mumbai,2012-05-06,Indian Premier League,49.0,male,T20,T20,20,2012,club,Wankhede Stadium,Mumbai Indians,Mumbai Indians,Chennai Super Kings,field,Mumbai Indians,,2.0,win,DR Smith,3,129,3,3,50.0
548356,2012,6,Bangalore,2012-05-06,Indian Premier League,50.0,male,T20,T20,20,2012,club,M Chinnaswamy Stadium,Royal Challengers Bangalore,Royal Challengers Bangalore,Sunrisers Hyderabad,field,Royal Challengers Bangalore,,5.0,win,AB de Villiers,1,2,1,1,245.0
548357,2012,6,Delhi,2012-05-07,Indian Premier League,51.0,male,T20,T20,20,2012,club,Feroz Shah Kotla,Delhi Capitals,Delhi Capitals,Kolkata Knight Riders,bat,Kolkata Knight Riders,,6.0,win,JH Kallis,252,6,252,6,11933.0
548358,2012,6,Pune,2012-05-08,Indian Premier League,52.0,male,T20,T20,20,2012,club,Subrata Roy Sahara Stadium,Pune Warriors,Pune Warriors,Rajasthan Royals,bat,Rajasthan Royals,,7.0,win,SR Watson,1419,134,1419,134,5.0
548359,2012,6,Hyderabad,2012-05-08,Indian Premier League,53.0,male,T20,T20,20,2012,club,"Rajiv Gandhi International Stadium, Uppal",Sunrisers Hyderabad,Sunrisers Hyderabad,Punjab Kings,field,Punjab Kings,25.0,,win,Mandeep Singh,2,494,2,494,2.0
548360,2012,6,Mumbai,2012-05-09,Indian Premier League,54.0,male,T20,T20,20,2012,club,Wankhede Stadium,Royal Challengers Bangalore,Mumbai Indians,Royal Challengers Bangalore,field,Royal Challengers Bangalore,,9.0,win,CH Gayle,3,1,1,1,1.0
548361,2012,6,Jaipur,2012-05-10,Indian Premier League,56.0,male,T20,T20,20,2012,club,Sawai Mansingh Stadium,Chennai Super Kings,Rajasthan Royals,Chennai Super Kings,field,Chennai Super Kings,,4.0,win,BW Hilfenhaus,134,129,129,129,35239.0
548362,2012,6,Pune,2012-05-11,Indian Premier League,57.0,male,T20,T20,20,2012,club,Subrata Roy Sahara Stadium,Pune Warriors,Pune Warriors,Royal Challengers Bangalore,field,Royal Challengers Bangalore,35.0,,win,CH Gayle,1419,1,1419,1,1.0
548363,2012,6,Kolkata,2012-05-12,Indian Premier League,58.0,male,T20,T20,20,2012,club,Eden Gardens,Mumbai Indians,Kolkata Knight Riders,Mumbai Indians,bat,Mumbai Indians,27.0,,win,RG Sharma,6,3,3,3,25.0
548364,2012,6,Chennai,2012-05-12,Indian Premier League,59.0,male,T20,T20,20,2012,club,"MA Chidambaram Stadium, Chepauk",Chennai Super Kings,Chennai Super Kings,Delhi Capitals,field,Chennai Super Kings,,9.0,win,BW Hilfenhaus,129,252,129,129,35239.0
548365,2012,6,Jaipur,2012-05-13,Indian Premier League,60.0,male,T20,T20,20,2012,club,Sawai Mansingh Stadium,Rajasthan Royals,Rajasthan Royals,Pune Warriors,bat,Rajasthan Royals,45.0,,win,A Chandila,134,1419,134,134,34931.0
548366,2012,6,Chandigarh,2012-05-13,Indian Premier League,61.0,male,T20,T20,20,2012,club,"Punjab Cricket Association Stadium, Mohali",Sunrisers Hyderabad,Punjab Kings,Sunrisers Hyderabad,bat,Punjab Kings,,4.0,win,DJ Hussey,494,2,2,494,11922.0
548367,2012,6,Bangalore,2012-05-14,Indian Premier League,62.0,male,T20,T20,20,2012,club,M Chinnaswamy Stadium,Mumbai Indians,Royal Challengers Bangalore,Mumbai Indians,field,Mumbai Indians,,5.0,win,AT Rayudu,1,3,3,3,27.0
548368,2012,6,Kolkata,2012-05-14,Indian Premier League,63.0,male,T20,T20,20,2012,club,Eden Gardens,Chennai Super Kings,Kolkata Knight Riders,Chennai Super Kings,field,Chennai Super Kings,,5.0,win,MEK Hussey,6,129,129,129,11943.0
548369,2012,6,Delhi,2012-05-15,Indian Premier League,64.0,male,T20,T20,20,2012,club,Feroz Shah Kotla,Punjab Kings,Delhi Capitals,Punjab Kings,bat,Delhi Capitals,,5.0,win,UT Yadav,252,494,494,252,318.0
548370,2012,6,Mumbai,2012-05-16,Indian Premier League,65.0,male,T20,T20,20,2012,club,Wankhede Stadium,Mumbai Indians,Mumbai Indians,Kolkata Knight Riders,field,Kolkata Knight Riders,32.0,,win,SP Narine,3,6,3,6,65.0
548371,2012,6,Dharamsala,2012-05-17,Indian Premier League,66.0,male,T20,T20,20,2012,club,Himachal Pradesh Cricket Association Stadium,Punjab Kings,Punjab Kings,Chennai Super Kings,field,Punjab Kings,,6.0,win,AC Gilchrist,494,129,494,494,12007.0
548372,2012,6,Delhi,2012-05-17,Indian Premier League,67.0,male,T20,T20,20,2012,club,Feroz Shah Kotla,Delhi Capitals,Delhi Capitals,Royal Challengers Bangalore,field,Royal Challengers Bangalore,21.0,,win,CH Gayle,252,1,252,1,1.0
548373,2012,6,Hyderabad,2012-05-18,Indian Premier League,68.0,male,T20,T20,20,2012,club,"Rajiv Gandhi International Stadium, Uppal",Rajasthan Royals,Sunrisers Hyderabad,Rajasthan Royals,bat,Sunrisers Hyderabad,,5.0,win,DW Steyn,2,134,134,2,3451.0
548374,2012,6,Dharamsala,2012-05-19,Indian Premier League,69.0,male,T20,T20,20,2012,club,Himachal Pradesh Cricket Association Stadium,Delhi Capitals,Punjab Kings,Delhi Capitals,field,Delhi Capitals,,6.0,win,UT Yadav,494,252,252,252,318.0
548375,2012,6,Pune,2012-05-19,Indian Premier League,70.0,male,T20,T20,20,2012,club,Subrata Roy Sahara Stadium,Kolkata Knight Riders,Pune Warriors,Kolkata Knight Riders,bat,Kolkata Knight Riders,34.0,,win,Shakib Al Hasan,1419,6,6,6,579.0
548376,2012,6,Hyderabad,2012-05-20,Indian Premier League,71.0,male,T20,T20,20,2012,club,"Rajiv Gandhi International Stadium, Uppal",Royal Challengers Bangalore,Sunrisers Hyderabad,Royal Challengers Bangalore,field,Sunrisers Hyderabad,9.0,,win,DW Steyn,2,1,1,2,3451.0
548377,2012,6,Jaipur,2012-05-20,Indian Premier League,72.0,male,T20,T20,20,2012,club,Sawai Mansingh Stadium,Rajasthan Royals,Rajasthan Royals,Mumbai Indians,bat,Mumbai Indians,,10.0,win,DR Smith,134,3,134,3,50.0
548378,2012,6,Pune,2012-05-22,Indian Premier League,,male,T20,T20,20,2012,club,Subrata Roy Sahara Stadium,Kolkata Knight Riders,Delhi Capitals,Kolkata Knight Riders,bat,Kolkata Knight Riders,18.0,,win,YK Pathan,252,6,6,6,60.0
548379,2012,6,Bangalore,2012-05-23,Indian Premier League,,male,T20,T20,20,2012,club,M Chinnaswamy Stadium,Mumbai Indians,Chennai Super Kings,Mumbai Indians,field,Chennai Super Kings,38.0,,win,MS Dhoni,129,3,3,129,38.0
548380,2012,6,Chennai,2012-05-25,Indian Premier League,,male,T20,T20,20,2012,club,"MA Chidambaram Stadium, Chepauk",Delhi Capitals,Delhi Capitals,Chennai Super Kings,field,Chennai Super Kings,86.0,,win,M Vijay,252,129,252,129,1630.0
548381,2012,6,Chennai,2012-05-27,Indian Premier League,,male,T20,T20,20,2012,club,"MA Chidambaram Stadium, Chepauk",Chennai Super Kings,Kolkata Knight Riders,Chennai Super Kings,bat,Kolkata Knight Riders,,5.0,win,MS Bisla,6,129,129,6,14505.0
597998,2013,6,Kolkata,2013-04-03,Indian Premier League,1.0,male,T20,T20,20,2013,club,Eden Gardens,Kolkata Knight Riders,Kolkata Knight Riders,Delhi Capitals,field,Kolkata Knight Riders,,6.0,win,SP Narine,6,252,6,6,65.0
597999,2013,6,Bangalore,2013-04-04,Indian Premier League,2.0,male,T20,T20,20,2013,club,M Chinnaswamy Stadium,Mumbai Indians,Royal Challengers Bangalore,Mumbai Indians,field,Royal Challengers Bangalore,2.0,,win,CH Gayle,1,3,3,1,1.0
598000,2013,6,Hyderabad,2013-04-05,Indian Premier League,3.0,male,T20,T20,20,2013,club,"Rajiv Gandhi International Stadium, Uppal",Pune Warriors,Sunrisers Hyderabad,Pune Warriors,field,Sunrisers Hyderabad,22.0,,win,A Mishra,2,1419,1419,2,185.0
598001,2013,6,Delhi,2013-04-06,Indian Premier League,4.0,male,T20,T20,20,2013,club,Feroz Shah Kotla,Rajasthan Royals,Delhi Capitals,Rajasthan Royals,bat,Rajasthan Royals,5.0,,win,R Dravid,252,134,134,134,11930.0
598002,2013,6,Chennai,2013-04-06,Indian Premier League,5.0,male,T20,T20,20,2013,club,"MA Chidambaram Stadium, Chepauk",Mumbai Indians,Chennai Super Kings,Mumbai Indians,bat,Mumbai Indians,9.0,,win,KA Pollard,129,3,3,3,29.0
598003,2013,6,Pune,2013-04-07,Indian Premier League,6.0,male,T20,T20,20,2013,club,Subrata Roy Sahara Stadium,Pune Warriors,Pune Warriors,Punjab Kings,bat,Punjab Kings,,8.0,win,M Vohra,1419,494,1419,494,68.0
598004,2013,6,Hyderabad,2013-04-07,Indian Premier League,7.0,male,T20,T20,20,2013,club,"Rajiv Gandhi International Stadium, Uppal",Royal Challengers Bangalore,Sunrisers Hyderabad,Royal Challengers Bangalore,bat,Royal Challengers Bangalore,,,tie,GH Vihari,2,1,1,1,2910.0
598005,2013,6,Jaipur,2013-04-08,Indian Premier League,8.0,male,T20,T20,20,2013,club,Sawai Mansingh Stadium,Kolkata Knight Riders,Rajasthan Royals,Kolkata Knight Riders,field,Rajasthan Royals,19.0,,win,SK Trivedi,134,6,6,134,11972.0
598006,2013,6,Mumbai,2013-04-09,Indian Premier League,10.0,male,T20,T20,20,2013,club,Wankhede Stadium,Mumbai Indians,Mumbai Indians,Delhi Capitals,bat,Mumbai Indians,44.0,,win,KD Karthik,3,252,3,3,49.0
598007,2013,6,Chandigarh,2013-04-10,Indian Premier League,11.0,male,T20,T20,20,2013,club,"Punjab Cricket Association Stadium, Mohali",Chennai Super Kings,Punjab Kings,Chennai Super Kings,field,Chennai Super Kings,,10.0,win,MEK Hussey,494,129,129,129,11943.0
598008,2013,6,Bangalore,2013-04-11,Indian Premier League,12.0,male,T20,T20,20,2013,club,M Chinnaswamy Stadium,Royal Challengers Bangalore,Royal Challengers Bangalore,Kolkata Knight Riders,field,Royal Challengers Bangalore,,8.0,win,CH Gayle,1,6,1,1,1.0
598009,2013,6,Pune,2013-04-11,Indian Premier League,13.0,male,T20,T20,20,2013,club,Subrata Roy Sahara Stadium,Rajasthan Royals,Pune Warriors,Rajasthan Royals,bat,Pune Warriors,,7.0,win,AJ Finch,1419,134,134,1419,48.0
598010,2013,6,Delhi,2013-04-12,Indian Premier League,14.0,male,T20,T20,20,2013,club,Feroz Shah Kotla,Delhi Capitals,Delhi Capitals,Sunrisers Hyderabad,bat,Sunrisers Hyderabad,,3.0,win,A Mishra,252,2,252,2,185.0
598011,2013,6,Mumbai,2013-04-13,Indian Premier League,15.0,male,T20,T20,20,2013,club,Wankhede Stadium,Mumbai Indians,Mumbai Indians,Pune Warriors,bat,Mumbai Indians,41.0,,win,RG Sharma,3,1419,3,3,25.0
598012,2013,6,Chennai,2013-04-13,Indian Premier League,16.0,male,T20,T20,20,2013,club,"MA Chidambaram Stadium, Chepauk",Chennai Super Kings,Chennai Super Kings,Royal Challengers Bangalore,field,Chennai Super Kings,,4.0,win,RA Jadeja,129,1,129,129,348.0
598013,2013,6,Kolkata,2013-04-14,Indian Premier League,17.0,male,T20,T20,20,2013,club,Eden Gardens,Kolkata Knight Riders,Kolkata Knight Riders,Sunrisers Hyderabad,bat,Kolkata Knight Riders,48.0,,win,G Gambhir,6,2,6,6,56.0
598014,2013,6,Jaipur,2013-04-14,Indian Premier League,18.0,male,T20,T20,20,2013,club,Sawai Mansingh Stadium,Rajasthan Royals,Rajasthan Royals,Punjab Kings,field,Rajasthan Royals,,6.0,win,JP Faulkner,134,494,134,134,569.0
598015,2013,6,Chennai,2013-04-15,Indian Premier League,19.0,male,T20,T20,20,2013,club,"MA Chidambaram Stadium, Chepauk",Pune Warriors,Chennai Super Kings,Pune Warriors,bat,Pune Warriors,24.0,,win,SPD Smith,129,1419,1419,1419,36.0
598016,2013,6,Chandigarh,2013-04-16,Indian Premier League,20.0,male,T20,T20,20,2013,club,"Punjab Cricket Association Stadium, Mohali",Kolkata Knight Riders,Punjab Kings,Kolkata Knight Riders,field,Punjab Kings,4.0,,win,MS Gony,494,6,6,494,51.0
598017,2013,6,Bangalore,2013-04-16,Indian Premier League,21.0,male,T20,T20,20,2013,club,M Chinnaswamy Stadium,Royal Challengers Bangalore,Royal Challengers Bangalore,Delhi Capitals,field,Delhi Capitals,,,tie,V Kohli,1,252,1,252,332.0
598018,2013,6,Pune,2013-04-17,Indian Premier League,22.0,male,T20,T20,20,2013,club,Maharashtra Cricket Association Stadium,Pune Warriors,Pune Warriors,Sunrisers Hyderabad,field,Sunrisers Hyderabad,11.0,,win,A Mishra,1419,2,1419,2,185.0
598019,2013,6,Jaipur,2013-04-17,Indian Premier League,23.0,male,T20,T20,20,2013,club,Sawai Mansingh Stadium,Rajasthan Royals,Rajasthan Royals,Mumbai Indians,bat,Rajasthan Royals,87.0,,win,AM Rahane,134,3,134,134,34.0
598020,2013,6,Delhi,2013-04-18,Indian Premier League,24.0,male,T20,T20,20,2013,club,Feroz Shah Kotla,Chennai Super Kings,Delhi Capitals,Chennai Super Kings,bat,Chennai Super Kings,86.0,,win,MEK Hussey,252,129,129,129,11943.0
598021,2013,6,Hyderabad,2013-04-19,Indian Premier League,25.0,male,T20,T20,20,2013,club,"Rajiv Gandhi International Stadium, Uppal",Punjab Kings,Sunrisers Hyderabad,Punjab Kings,bat,Sunrisers Hyderabad,,5.0,win,GH Vihari,2,494,494,2,2910.0
598022,2013,6,Kolkata,2013-04-20,Indian Premier League,26.0,male,T20,T20,20,2013,club,Eden Gardens,Kolkata Knight Riders,Kolkata Knight Riders,Chennai Super Kings,bat,Chennai Super Kings,,4.0,win,RA Jadeja,6,129,6,129,348.0
598023,2013,6,Bangalore,2013-04-20,Indian Premier League,27.0,male,T20,T20,20,2013,club,M Chinnaswamy Stadium,Royal Challengers Bangalore,Royal Challengers Bangalore,Rajasthan Royals,field,Royal Challengers Bangalore,,7.0,win,R Vinay Kumar,1,134,1,1,1242.0
598024,2013,6,Delhi,2013-04-21,Indian Premier League,28.0,male,T20,T20,20,2013,club,Feroz Shah Kotla,Mumbai Indians,Delhi Capitals,Mumbai Indians,bat,Delhi Capitals,,9.0,win,V Sehwag,252,3,3,252,11975.0
598025,2013,6,Chandigarh,2013-04-21,Indian Premier League,29.0,male,T20,T20,20,2013,club,"Punjab Cricket Association Stadium, Mohali",Punjab Kings,Punjab Kings,Pune Warriors,field,Punjab Kings,,7.0,win,DA Miller,494,1419,494,494,72.0
598026,2013,6,Chennai,2013-04-22,Indian Premier League,30.0,male,T20,T20,20,2013,club,"MA Chidambaram Stadium, Chepauk",Rajasthan Royals,Chennai Super Kings,Rajasthan Royals,bat,Chennai Super Kings,,5.0,win,MEK Hussey,129,134,134,129,11943.0
598027,2013,6,Bangalore,2013-04-23,Indian Premier League,31.0,male,T20,T20,20,2013,club,M Chinnaswamy Stadium,Pune Warriors,Royal Challengers Bangalore,Pune Warriors,field,Royal Challengers Bangalore,130.0,,win,CH Gayle,1,1419,1419,1,1.0
598028,2013,6,Dharamsala,2013-05-16,Indian Premier League,67.0,male,T20,T20,20,2013,club,Himachal Pradesh Cricket Association Stadium,Delhi Capitals,Punjab Kings,Delhi Capitals,field,Punjab Kings,7.0,,win,DA Miller,494,252,252,494,72.0
598029,2013,6,Kolkata,2013-04-24,Indian Premier League,33.0,male,T20,T20,20,2013,club,Eden Gardens,Kolkata Knight Riders,Kolkata Knight Riders,Mumbai Indians,bat,Mumbai Indians,,5.0,win,DR Smith,6,3,6,3,50.0
598030,2013,6,Chennai,2013-04-25,Indian Premier League,34.0,male,T20,T20,20,2013,club,"MA Chidambaram Stadium, Chepauk",Sunrisers Hyderabad,Chennai Super Kings,Sunrisers Hyderabad,bat,Chennai Super Kings,,5.0,win,MS Dhoni,129,2,2,129,38.0
598031,2013,6,Kolkata,2013-04-26,Indian Premier League,35.0,male,T20,T20,20,2013,club,Eden Gardens,Punjab Kings,Kolkata Knight Riders,Punjab Kings,bat,Kolkata Knight Riders,,6.0,win,JH Kallis,6,494,494,6,11933.0
598032,2013,6,Jaipur,2013-04-27,Indian Premier League,36.0,male,T20,T20,20,2013,club,Sawai Mansingh Stadium,Sunrisers Hyderabad,Rajasthan Royals,Sunrisers Hyderabad,bat,Rajasthan Royals,,8.0,win,JP Faulkner,134,2,2,134,569.0
598033,2013,6,Mumbai,2013-04-27,Indian Premier League,37.0,male,T20,T20,20,2013,club,Wankhede Stadium,Mumbai Indians,Mumbai Indians,Royal Challengers Bangalore,bat,Mumbai Indians,58.0,,win,DR Smith,3,1,3,3,50.0
598034,2013,6,Chennai,2013-04-28,Indian Premier League,38.0,male,T20,T20,20,2013,club,"MA Chidambaram Stadium, Chepauk",Kolkata Knight Riders,Chennai Super Kings,Kolkata Knight Riders,field,Chennai Super Kings,14.0,,win,MEK Hussey,129,6,6,129,11943.0
598035,2013,6,Raipur,2013-04-28,Indian Premier League,39.0,male,T20,T20,20,2013,club,Shaheed Veer Narayan Singh International Stadium,Pune Warriors,Delhi Capitals,Pune Warriors,field,Delhi Capitals,15.0,,win,DA Warner,252,1419,1419,252,12.0
598036,2013,6,Jaipur,2013-04-29,Indian Premier League,40.0,male,T20,T20,20,2013,club,Sawai Mansingh Stadium,Rajasthan Royals,Rajasthan Royals,Royal Challengers Bangalore,field,Rajasthan Royals,,4.0,win,SV Samson,134,1,134,134,180.0
598037,2013,6,Mumbai,2013-04-29,Indian Premier League,41.0,male,T20,T20,20,2013,club,Wankhede Stadium,Mumbai Indians,Mumbai Indians,Punjab Kings,bat,Mumbai Indians,4.0,,win,RG Sharma,3,494,3,3,25.0
598038,2013,6,Pune,2013-04-30,Indian Premier League,42.0,male,T20,T20,20,2013,club,Subrata Roy Sahara Stadium,Chennai Super Kings,Pune Warriors,Chennai Super Kings,bat,Chennai Super Kings,37.0,,win,MS Dhoni,1419,129,129,129,38.0
598039,2013,6,Hyderabad,2013-05-01,Indian Premier League,43.0,male,T20,T20,20,2013,club,"Rajiv Gandhi International Stadium, Uppal",Mumbai Indians,Sunrisers Hyderabad,Mumbai Indians,bat,Sunrisers Hyderabad,,7.0,win,I Sharma,2,3,3,2,308.0
598040,2013,6,Raipur,2013-05-01,Indian Premier League,44.0,male,T20,T20,20,2013,club,Shaheed Veer Narayan Singh International Stadium,Kolkata Knight Riders,Delhi Capitals,Kolkata Knight Riders,bat,Delhi Capitals,,7.0,win,DA Warner,252,6,6,252,12.0
598041,2013,6,Chennai,2013-05-02,Indian Premier League,45.0,male,T20,T20,20,2013,club,"MA Chidambaram Stadium, Chepauk",Chennai Super Kings,Chennai Super Kings,Punjab Kings,bat,Chennai Super Kings,15.0,,win,SK Raina,129,494,129,129,47.0
598042,2013,6,Pune,2013-05-02,Indian Premier League,46.0,male,T20,T20,20,2013,club,Subrata Roy Sahara Stadium,Royal Challengers Bangalore,Pune Warriors,Royal Challengers Bangalore,bat,Royal Challengers Bangalore,17.0,,win,AB de Villiers,1419,1,1,1,245.0
598043,2013,6,Kolkata,2013-05-03,Indian Premier League,47.0,male,T20,T20,20,2013,club,Eden Gardens,Rajasthan Royals,Kolkata Knight Riders,Rajasthan Royals,bat,Kolkata Knight Riders,,8.0,win,YK Pathan,6,134,134,6,60.0
598044,2013,6,Hyderabad,2013-05-04,Indian Premier League,48.0,male,T20,T20,20,2013,club,"Rajiv Gandhi International Stadium, Uppal",Delhi Capitals,Sunrisers Hyderabad,Delhi Capitals,bat,Sunrisers Hyderabad,,6.0,win,DJG Sammy,2,252,252,2,36610.0
598045,2013,6,Bangalore,2013-05-14,Indian Premier League,63.0,male,T20,T20,20,2013,club,M Chinnaswamy Stadium,Punjab Kings,Royal Challengers Bangalore,Punjab Kings,field,Punjab Kings,,7.0,win,AC Gilchrist,1,494,494,494,12007.0
598046,2013,6,Mumbai,2013-05-05,Indian Premier League,49.0,male,T20,T20,20,2013,club,Wankhede Stadium,Mumbai Indians,Mumbai Indians,Chennai Super Kings,bat,Mumbai Indians,60.0,,win,MG Johnson,3,129,3,3,604.0
598047,2013,6,Jaipur,2013-05-05,Indian Premier League,50.0,male,T20,T20,20,2013,club,Sawai Mansingh Stadium,Pune Warriors,Rajasthan Royals,Pune Warriors,bat,Rajasthan Royals,,5.0,win,AM Rahane,134,1419,1419,134,34.0
598048,2013,6,Bangalore,2013-04-09,Indian Premier League,9.0,male,T20,T20,20,2013,club,M Chinnaswamy Stadium,Sunrisers Hyderabad,Royal Challengers Bangalore,Sunrisers Hyderabad,bat,Royal Challengers Bangalore,,7.0,win,V Kohli,1,2,2,1,332.0
598049,2013,6,Jaipur,2013-05-07,Indian Premier League,52.0,male,T20,T20,20,2013,club,Sawai Mansingh Stadium,Delhi Capitals,Rajasthan Royals,Delhi Capitals,bat,Rajasthan Royals,,9.0,win,AM Rahane,134,252,252,134,34.0
598050,2013,6,Mumbai,2013-05-07,Indian Premier League,53.0,male,T20,T20,20,2013,club,Wankhede Stadium,Mumbai Indians,Mumbai Indians,Kolkata Knight Riders,bat,Mumbai Indians,65.0,,win,SR Tendulkar,3,6,3,3,12580.0
598051,2013,6,Hyderabad,2013-05-08,Indian Premier League,54.0,male,T20,T20,20,2013,club,"Rajiv Gandhi International Stadium, Uppal",Sunrisers Hyderabad,Sunrisers Hyderabad,Chennai Super Kings,field,Chennai Super Kings,77.0,,win,SK Raina,2,129,2,129,47.0
598052,2013,6,Chandigarh,2013-05-09,Indian Premier League,55.0,male,T20,T20,20,2013,club,"Punjab Cricket Association Stadium, Mohali",Rajasthan Royals,Punjab Kings,Rajasthan Royals,field,Rajasthan Royals,,8.0,win,KK Cooper,494,134,134,134,34343.0
598053,2013,6,Pune,2013-05-09,Indian Premier League,56.0,male,T20,T20,20,2013,club,Subrata Roy Sahara Stadium,Kolkata Knight Riders,Pune Warriors,Kolkata Knight Riders,bat,Kolkata Knight Riders,46.0,,win,G Gambhir,1419,6,6,6,56.0
598054,2013,6,Delhi,2013-05-10,Indian Premier League,57.0,male,T20,T20,20,2013,club,Feroz Shah Kotla,Delhi Capitals,Delhi Capitals,Royal Challengers Bangalore,field,Royal Challengers Bangalore,4.0,,win,JD Unadkat,252,1,252,1,438.0
598055,2013,6,Pune,2013-05-11,Indian Premier League,58.0,male,T20,T20,20,2013,club,Subrata Roy Sahara Stadium,Pune Warriors,Pune Warriors,Mumbai Indians,bat,Mumbai Indians,,5.0,win,MG Johnson,1419,3,1419,3,604.0
598056,2013,6,Chandigarh,2013-05-11,Indian Premier League,59.0,male,T20,T20,20,2013,club,"Punjab Cricket Association Stadium, Mohali",Punjab Kings,Punjab Kings,Sunrisers Hyderabad,field,Sunrisers Hyderabad,30.0,,win,PA Patel,494,2,494,2,23.0
598057,2013,6,Ranchi,2013-05-12,Indian Premier League,60.0,male,T20,T20,20,2013,club,JSCA International Stadium Complex,Kolkata Knight Riders,Kolkata Knight Riders,Royal Challengers Bangalore,field,Kolkata Knight Riders,,5.0,win,JH Kallis,6,1,6,6,11933.0
598058,2013,6,Jaipur,2013-05-12,Indian Premier League,61.0,male,T20,T20,20,2013,club,Sawai Mansingh Stadium,Rajasthan Royals,Rajasthan Royals,Chennai Super Kings,field,Rajasthan Royals,,5.0,win,SR Watson,134,129,134,134,5.0
598059,2013,6,Delhi,2013-04-23,Indian Premier League,32.0,male,T20,T20,20,2013,club,Feroz Shah Kotla,Punjab Kings,Delhi Capitals,Punjab Kings,field,Punjab Kings,,5.0,win,Harmeet Singh,252,494,494,494,13267.0
598060,2013,6,Mumbai,2013-05-13,Indian Premier League,62.0,male,T20,T20,20,2013,club,Wankhede Stadium,Sunrisers Hyderabad,Mumbai Indians,Sunrisers Hyderabad,bat,Mumbai Indians,,7.0,win,KA Pollard,3,2,2,3,29.0
598061,2013,6,Ranchi,2013-05-15,Indian Premier League,65.0,male,T20,T20,20,2013,club,JSCA International Stadium Complex,Kolkata Knight Riders,Kolkata Knight Riders,Pune Warriors,field,Pune Warriors,7.0,,win,MK Pandey,6,1419,6,1419,59.0
598062,2013,6,Chennai,2013-05-14,Indian Premier League,64.0,male,T20,T20,20,2013,club,"MA Chidambaram Stadium, Chepauk",Chennai Super Kings,Chennai Super Kings,Delhi Capitals,bat,Chennai Super Kings,33.0,,win,MS Dhoni,129,252,129,129,38.0
598063,2013,6,Mumbai,2013-05-15,Indian Premier League,66.0,male,T20,T20,20,2013,club,Wankhede Stadium,Rajasthan Royals,Mumbai Indians,Rajasthan Royals,field,Mumbai Indians,14.0,,win,AP Tare,3,134,134,3,177.0
598064,2013,6,Chandigarh,2013-05-06,Indian Premier League,51.0,male,T20,T20,20,2013,club,"Punjab Cricket Association Stadium, Mohali",Punjab Kings,Punjab Kings,Royal Challengers Bangalore,field,Punjab Kings,,6.0,win,DA Miller,494,1,494,494,72.0
598065,2013,6,Hyderabad,2013-05-17,Indian Premier League,68.0,male,T20,T20,20,2013,club,"Rajiv Gandhi International Stadium, Uppal",Sunrisers Hyderabad,Sunrisers Hyderabad,Rajasthan Royals,bat,Sunrisers Hyderabad,23.0,,win,A Mishra,2,134,2,2,185.0
598066,2013,6,Dharamsala,2013-05-18,Indian Premier League,69.0,male,T20,T20,20,2013,club,Himachal Pradesh Cricket Association Stadium,Mumbai Indians,Punjab Kings,Mumbai Indians,field,Punjab Kings,50.0,,win,Azhar Mahmood,494,3,3,494,34817.0
598067,2013,6,Pune,2013-05-19,Indian Premier League,71.0,male,T20,T20,20,2013,club,Subrata Roy Sahara Stadium,Pune Warriors,Pune Warriors,Delhi Capitals,bat,Pune Warriors,38.0,,win,LJ Wright,1419,252,1419,1419,34959.0
598068,2013,6,Bangalore,2013-05-18,Indian Premier League,70.0,male,T20,T20,20,2013,club,M Chinnaswamy Stadium,Chennai Super Kings,Royal Challengers Bangalore,Chennai Super Kings,field,Royal Challengers Bangalore,24.0,,win,V Kohli,1,129,129,1,332.0
598069,2013,6,Hyderabad,2013-05-19,Indian Premier League,72.0,male,T20,T20,20,2013,club,"Rajiv Gandhi International Stadium, Uppal",Kolkata Knight Riders,Sunrisers Hyderabad,Kolkata Knight Riders,bat,Sunrisers Hyderabad,,5.0,win,PA Patel,2,6,6,2,23.0
598070,2013,6,Delhi,2013-05-21,Indian Premier League,,male,T20,T20,20,2013,club,Feroz Shah Kotla,Chennai Super Kings,Chennai Super Kings,Mumbai Indians,bat,Chennai Super Kings,48.0,,win,MEK Hussey,129,3,129,129,11943.0
598071,2013,6,Delhi,2013-05-22,Indian Premier League,,male,T20,T20,20,2013,club,Feroz Shah Kotla,Sunrisers Hyderabad,Rajasthan Royals,Sunrisers Hyderabad,bat,Rajasthan Royals,,4.0,win,BJ Hodge,134,2,2,134,12318.0
598072,2013,6,Kolkata,2013-05-24,Indian Premier League,,male,T20,T20,20,2013,club,Eden Gardens,Rajasthan Royals,Mumbai Indians,Rajasthan Royals,bat,Mumbai Indians,,4.0,win,Harbhajan Singh,3,134,134,3,228.0
598073,2013,6,Kolkata,2013-05-26,Indian Premier League,,male,T20,T20,20,2013,club,Eden Gardens,Mumbai Indians,Chennai Super Kings,Mumbai Indians,bat,Mumbai Indians,23.0,,win,KA Pollard,129,3,3,3,29.0
729279,2014,6,Abu Dhabi,2014-04-16,Indian Premier League,1.0,male,T20,T20,20,2014,club,Sheikh Zayed Stadium,Kolkata Knight Riders,Mumbai Indians,Kolkata Knight Riders,bat,Kolkata Knight Riders,41.0,,win,JH Kallis,3,6,6,6,11933.0
729281,2014,6,,2014-04-17,Indian Premier League,2.0,male,T20,T20,20,2014,club,Sharjah Cricket Stadium,Royal Challengers Bangalore,Delhi Capitals,Royal Challengers Bangalore,field,Royal Challengers Bangalore,,8.0,win,YS Chahal,252,1,1,1,10.0
729283,2014,6,Abu Dhabi,2014-04-18,Indian Premier League,3.0,male,T20,T20,20,2014,club,Sheikh Zayed Stadium,Chennai Super Kings,Chennai Super Kings,Punjab Kings,bat,Punjab Kings,,6.0,win,GJ Maxwell,129,494,129,494,71.0
729285,2014,6,Abu Dhabi,2014-04-18,Indian Premier League,4.0,male,T20,T20,20,2014,club,Sheikh Zayed Stadium,Rajasthan Royals,Sunrisers Hyderabad,Rajasthan Royals,field,Rajasthan Royals,,4.0,win,AM Rahane,2,134,134,134,34.0
729287,2014,6,,2014-04-19,Indian Premier League,5.0,male,T20,T20,20,2014,club,Dubai International Cricket Stadium,Royal Challengers Bangalore,Royal Challengers Bangalore,Mumbai Indians,field,Royal Challengers Bangalore,,7.0,win,PA Patel,1,3,1,1,23.0
729289,2014,6,,2014-04-19,Indian Premier League,6.0,male,T20,T20,20,2014,club,Dubai International Cricket Stadium,Kolkata Knight Riders,Kolkata Knight Riders,Delhi Capitals,bat,Delhi Capitals,,4.0,win,JP Duminy,6,252,6,252,1964.0
729291,2014,6,,2014-04-20,Indian Premier League,7.0,male,T20,T20,20,2014,club,Sharjah Cricket Stadium,Punjab Kings,Rajasthan Royals,Punjab Kings,field,Punjab Kings,,7.0,win,GJ Maxwell,134,494,494,494,71.0
729293,2014,6,Abu Dhabi,2014-04-21,Indian Premier League,8.0,male,T20,T20,20,2014,club,Sheikh Zayed Stadium,Chennai Super Kings,Chennai Super Kings,Delhi Capitals,bat,Chennai Super Kings,93.0,,win,SK Raina,129,252,129,129,47.0
729295,2014,6,,2014-04-22,Indian Premier League,9.0,male,T20,T20,20,2014,club,Sharjah Cricket Stadium,Sunrisers Hyderabad,Punjab Kings,Sunrisers Hyderabad,field,Punjab Kings,72.0,,win,GJ Maxwell,494,2,2,494,71.0
729297,2014,6,,2014-04-23,Indian Premier League,10.0,male,T20,T20,20,2014,club,Dubai International Cricket Stadium,Rajasthan Royals,Rajasthan Royals,Chennai Super Kings,field,Chennai Super Kings,7.0,,win,RA Jadeja,134,129,134,129,348.0
729299,2014,6,,2014-04-24,Indian Premier League,11.0,male,T20,T20,20,2014,club,Sharjah Cricket Stadium,Royal Challengers Bangalore,Royal Challengers Bangalore,Kolkata Knight Riders,field,Kolkata Knight Riders,2.0,,win,CA Lynn,1,6,1,6,57.0
729301,2014,6,,2014-04-25,Indian Premier League,12.0,male,T20,T20,20,2014,club,Dubai International Cricket Stadium,Sunrisers Hyderabad,Sunrisers Hyderabad,Delhi Capitals,bat,Sunrisers Hyderabad,4.0,,win,AJ Finch,2,252,2,2,48.0
729303,2014,6,,2014-04-25,Indian Premier League,13.0,male,T20,T20,20,2014,club,Dubai International Cricket Stadium,Mumbai Indians,Chennai Super Kings,Mumbai Indians,bat,Chennai Super Kings,,7.0,win,MM Sharma,129,3,3,129,75.0
729305,2014,6,Abu Dhabi,2014-04-26,Indian Premier League,14.0,male,T20,T20,20,2014,club,Sheikh Zayed Stadium,Rajasthan Royals,Rajasthan Royals,Royal Challengers Bangalore,field,Rajasthan Royals,,6.0,win,PV Tambe,134,1,134,134,37031.0
729307,2014,6,Abu Dhabi,2014-04-26,Indian Premier League,15.0,male,T20,T20,20,2014,club,Sheikh Zayed Stadium,Kolkata Knight Riders,Kolkata Knight Riders,Punjab Kings,field,Punjab Kings,23.0,,win,Sandeep Sharma,6,494,6,494,76.0
729309,2014,6,,2014-04-27,Indian Premier League,16.0,male,T20,T20,20,2014,club,Sharjah Cricket Stadium,Mumbai Indians,Delhi Capitals,Mumbai Indians,bat,Delhi Capitals,,6.0,win,M Vijay,252,3,3,252,1630.0
729311,2014,6,,2014-04-27,Indian Premier League,17.0,male,T20,T20,20,2014,club,Sharjah Cricket Stadium,Sunrisers Hyderabad,Sunrisers Hyderabad,Chennai Super Kings,bat,Chennai Super Kings,,5.0,win,DR Smith,2,129,2,129,50.0
729313,2014,6,,2014-04-28,Indian Premier League,18.0,male,T20,T20,20,2014,club,Dubai International Cricket Stadium,Punjab Kings,Punjab Kings,Royal Challengers Bangalore,field,Punjab Kings,,5.0,win,Sandeep Sharma,494,1,494,494,76.0
729315,2014,6,Abu Dhabi,2014-04-29,Indian Premier League,19.0,male,T20,T20,20,2014,club,Sheikh Zayed Stadium,Rajasthan Royals,Kolkata Knight Riders,Rajasthan Royals,bat,Rajasthan Royals,,,tie,JP Faulkner,6,134,134,134,569.0
729317,2014,6,,2014-04-30,Indian Premier League,20.0,male,T20,T20,20,2014,club,Dubai International Cricket Stadium,Mumbai Indians,Mumbai Indians,Sunrisers Hyderabad,field,Sunrisers Hyderabad,15.0,,win,B Kumar,3,2,3,2,20.0
733971,2014,6,Ranchi,2014-05-02,Indian Premier League,21.0,male,T20,T20,20,2014,club,JSCA International Stadium Complex,Chennai Super Kings,Chennai Super Kings,Kolkata Knight Riders,bat,Chennai Super Kings,34.0,,win,RA Jadeja,129,6,129,129,348.0
733973,2014,6,Mumbai,2014-05-03,Indian Premier League,22.0,male,T20,T20,20,2014,club,Wankhede Stadium,Punjab Kings,Mumbai Indians,Punjab Kings,bat,Mumbai Indians,,5.0,win,CJ Anderson,3,494,494,3,258.0
733975,2014,6,Delhi,2014-05-03,Indian Premier League,23.0,male,T20,T20,20,2014,club,Feroz Shah Kotla,Rajasthan Royals,Delhi Capitals,Rajasthan Royals,field,Rajasthan Royals,,7.0,win,KK Nair,252,134,134,134,179.0
733977,2014,6,Bangalore,2014-05-04,Indian Premier League,24.0,male,T20,T20,20,2014,club,M Chinnaswamy Stadium,Royal Challengers Bangalore,Royal Challengers Bangalore,Sunrisers Hyderabad,field,Royal Challengers Bangalore,,4.0,win,AB de Villiers,1,2,1,1,245.0
733979,2014,6,Ahmedabad,2014-05-05,Indian Premier League,25.0,male,T20,T20,20,2014,club,"Sardar Patel Stadium, Motera",Kolkata Knight Riders,Rajasthan Royals,Kolkata Knight Riders,field,Rajasthan Royals,10.0,,win,PV Tambe,134,6,6,134,37031.0
733981,2014,6,Delhi,2014-05-05,Indian Premier League,26.0,male,T20,T20,20,2014,club,Feroz Shah Kotla,Chennai Super Kings,Delhi Capitals,Chennai Super Kings,field,Chennai Super Kings,,8.0,win,DR Smith,252,129,129,129,50.0
733983,2014,6,Mumbai,2014-05-06,Indian Premier League,27.0,male,T20,T20,20,2014,club,Wankhede Stadium,Royal Challengers Bangalore,Mumbai Indians,Royal Challengers Bangalore,field,Mumbai Indians,19.0,,win,RG Sharma,3,1,1,3,25.0
733985,2014,6,Delhi,2014-05-07,Indian Premier League,28.0,male,T20,T20,20,2014,club,Feroz Shah Kotla,Delhi Capitals,Delhi Capitals,Kolkata Knight Riders,bat,Kolkata Knight Riders,,8.0,win,G Gambhir,252,6,252,6,56.0
733987,2014,6,Cuttack,2014-05-07,Indian Premier League,29.0,male,T20,T20,20,2014,club,Barabati Stadium,Chennai Super Kings,Punjab Kings,Chennai Super Kings,field,Punjab Kings,44.0,,win,GJ Maxwell,494,129,129,494,71.0
733989,2014,6,Ahmedabad,2014-05-08,Indian Premier League,30.0,male,T20,T20,20,2014,club,"Sardar Patel Stadium, Motera",Rajasthan Royals,Rajasthan Royals,Sunrisers Hyderabad,field,Sunrisers Hyderabad,32.0,,win,B Kumar,134,2,134,2,20.0
733991,2014,6,Bangalore,2014-05-09,Indian Premier League,31.0,male,T20,T20,20,2014,club,M Chinnaswamy Stadium,Royal Challengers Bangalore,Royal Challengers Bangalore,Punjab Kings,field,Punjab Kings,32.0,,win,Sandeep Sharma,1,494,1,494,76.0
733993,2014,6,Delhi,2014-05-10,Indian Premier League,32.0,male,T20,T20,20,2014,club,Feroz Shah Kotla,Sunrisers Hyderabad,Delhi Capitals,Sunrisers Hyderabad,field,Sunrisers Hyderabad,,8.0,win,DW Steyn,252,2,2,2,3451.0
733995,2014,6,Mumbai,2014-05-10,Indian Premier League,33.0,male,T20,T20,20,2014,club,Wankhede Stadium,Chennai Super Kings,Mumbai Indians,Chennai Super Kings,field,Chennai Super Kings,,4.0,win,DR Smith,3,129,129,129,50.0
733997,2014,6,Cuttack,2014-05-11,Indian Premier League,34.0,male,T20,T20,20,2014,club,Barabati Stadium,Kolkata Knight Riders,Punjab Kings,Kolkata Knight Riders,field,Kolkata Knight Riders,,9.0,win,G Gambhir,494,6,6,6,56.0
733999,2014,6,Bangalore,2014-05-11,Indian Premier League,35.0,male,T20,T20,20,2014,club,M Chinnaswamy Stadium,Royal Challengers Bangalore,Royal Challengers Bangalore,Rajasthan Royals,bat,Rajasthan Royals,,5.0,win,JP Faulkner,1,134,1,134,569.0
734001,2014,6,Hyderabad,2014-05-12,Indian Premier League,36.0,male,T20,T20,20,2014,club,"Rajiv Gandhi International Stadium, Uppal",Sunrisers Hyderabad,Sunrisers Hyderabad,Mumbai Indians,bat,Mumbai Indians,,7.0,win,AT Rayudu,2,3,2,3,27.0
734003,2014,6,Ranchi,2014-05-13,Indian Premier League,37.0,male,T20,T20,20,2014,club,JSCA International Stadium Complex,Rajasthan Royals,Chennai Super Kings,Rajasthan Royals,bat,Chennai Super Kings,,5.0,win,RA Jadeja,129,134,134,129,348.0
734005,2014,6,Bangalore,2014-05-13,Indian Premier League,38.0,male,T20,T20,20,2014,club,M Chinnaswamy Stadium,Delhi Capitals,Royal Challengers Bangalore,Delhi Capitals,field,Royal Challengers Bangalore,16.0,,win,Yuvraj Singh,1,252,252,1,15.0
734007,2014,6,Hyderabad,2014-05-14,Indian Premier League,39.0,male,T20,T20,20,2014,club,"Rajiv Gandhi International Stadium, Uppal",Punjab Kings,Sunrisers Hyderabad,Punjab Kings,field,Punjab Kings,,6.0,win,WP Saha,2,494,494,494,69.0
734009,2014,6,Cuttack,2014-05-14,Indian Premier League,40.0,male,T20,T20,20,2014,club,Barabati Stadium,Kolkata Knight Riders,Kolkata Knight Riders,Mumbai Indians,field,Kolkata Knight Riders,,6.0,win,RV Uthappa,6,3,6,6,58.0
734011,2014,6,Ahmedabad,2014-05-15,Indian Premier League,41.0,male,T20,T20,20,2014,club,"Sardar Patel Stadium, Motera",Delhi Capitals,Rajasthan Royals,Delhi Capitals,field,Rajasthan Royals,62.0,,win,AM Rahane,134,252,252,134,34.0
734013,2014,6,Ranchi,2014-05-18,Indian Premier League,42.0,male,T20,T20,20,2014,club,JSCA International Stadium Complex,Chennai Super Kings,Chennai Super Kings,Royal Challengers Bangalore,bat,Royal Challengers Bangalore,,5.0,win,AB de Villiers,129,1,129,1,245.0
734015,2014,6,Hyderabad,2014-05-18,Indian Premier League,43.0,male,T20,T20,20,2014,club,"Rajiv Gandhi International Stadium, Uppal",Sunrisers Hyderabad,Sunrisers Hyderabad,Kolkata Knight Riders,bat,Kolkata Knight Riders,,7.0,win,UT Yadav,2,6,2,6,318.0
734017,2014,6,Ahmedabad,2014-05-19,Indian Premier League,44.0,male,T20,T20,20,2014,club,"Sardar Patel Stadium, Motera",Mumbai Indians,Rajasthan Royals,Mumbai Indians,bat,Mumbai Indians,25.0,,win,MEK Hussey,134,3,3,3,11943.0
734019,2014,6,Delhi,2014-05-19,Indian Premier League,45.0,male,T20,T20,20,2014,club,Feroz Shah Kotla,Punjab Kings,Delhi Capitals,Punjab Kings,field,Punjab Kings,,4.0,win,AR Patel,252,494,494,494,70.0
734021,2014,6,Hyderabad,2014-05-20,Indian Premier League,46.0,male,T20,T20,20,2014,club,"Rajiv Gandhi International Stadium, Uppal",Royal Challengers Bangalore,Sunrisers Hyderabad,Royal Challengers Bangalore,bat,Sunrisers Hyderabad,,7.0,win,DA Warner,2,1,1,2,12.0
734023,2014,6,Kolkata,2014-05-20,Indian Premier League,47.0,male,T20,T20,20,2014,club,Eden Gardens,Kolkata Knight Riders,Kolkata Knight Riders,Chennai Super Kings,field,Kolkata Knight Riders,,8.0,win,RV Uthappa,6,129,6,6,58.0
734025,2014,6,Chandigarh,2014-05-21,Indian Premier League,48.0,male,T20,T20,20,2014,club,"Punjab Cricket Association Stadium, Mohali",Mumbai Indians,Punjab Kings,Mumbai Indians,field,Mumbai Indians,,7.0,win,LMP Simmons,494,3,3,3,1035.0
734027,2014,6,Kolkata,2014-05-22,Indian Premier League,49.0,male,T20,T20,20,2014,club,Eden Gardens,Royal Challengers Bangalore,Kolkata Knight Riders,Royal Challengers Bangalore,field,Kolkata Knight Riders,30.0,,win,RV Uthappa,6,1,1,6,58.0
734029,2014,6,Ranchi,2014-05-22,Indian Premier League,50.0,male,T20,T20,20,2014,club,JSCA International Stadium Complex,Sunrisers Hyderabad,Chennai Super Kings,Sunrisers Hyderabad,field,Sunrisers Hyderabad,,6.0,win,DA Warner,129,2,2,2,12.0
734031,2014,6,Mumbai,2014-05-23,Indian Premier League,51.0,male,T20,T20,20,2014,club,Wankhede Stadium,Delhi Capitals,Mumbai Indians,Delhi Capitals,field,Mumbai Indians,15.0,,win,MEK Hussey,3,252,252,3,11943.0
734033,2014,6,Chandigarh,2014-05-23,Indian Premier League,52.0,male,T20,T20,20,2014,club,"Punjab Cricket Association Stadium, Mohali",Rajasthan Royals,Punjab Kings,Rajasthan Royals,field,Punjab Kings,16.0,,win,SE Marsh,494,134,134,494,541.0
734035,2014,6,Bangalore,2014-05-24,Indian Premier League,53.0,male,T20,T20,20,2014,club,M Chinnaswamy Stadium,Chennai Super Kings,Royal Challengers Bangalore,Chennai Super Kings,field,Chennai Super Kings,,8.0,win,MS Dhoni,1,129,129,129,38.0
734037,2014,6,Kolkata,2014-05-24,Indian Premier League,54.0,male,T20,T20,20,2014,club,Eden Gardens,Kolkata Knight Riders,Kolkata Knight Riders,Sunrisers Hyderabad,field,Kolkata Knight Riders,,4.0,win,YK Pathan,6,2,6,6,60.0
734039,2014,6,Chandigarh,2014-05-25,Indian Premier League,55.0,male,T20,T20,20,2014,club,"Punjab Cricket Association Stadium, Mohali",Punjab Kings,Punjab Kings,Delhi Capitals,field,Punjab Kings,,7.0,win,M Vohra,494,252,494,494,68.0
734041,2014,6,Mumbai,2014-05-25,Indian Premier League,56.0,male,T20,T20,20,2014,club,Wankhede Stadium,Mumbai Indians,Mumbai Indians,Rajasthan Royals,field,Mumbai Indians,,5.0,win,CJ Anderson,3,134,3,3,258.0
734043,2014,6,Kolkata,2014-05-27,Indian Premier League,,male,T20,T20,20,2014,club,Eden Gardens,Punjab Kings,Punjab Kings,Kolkata Knight Riders,field,Kolkata Knight Riders,28.0,,win,UT Yadav,494,6,494,6,318.0
734045,2014,6,Mumbai,2014-05-28,Indian Premier League,,male,T20,T20,20,2014,club,Brabourne Stadium,Chennai Super Kings,Chennai Super Kings,Mumbai Indians,field,Chennai Super Kings,,7.0,win,SK Raina,129,3,129,129,47.0
734047,2014,6,Mumbai,2014-05-30,Indian Premier League,,male,T20,T20,20,2014,club,Wankhede Stadium,Chennai Super Kings,Chennai Super Kings,Punjab Kings,field,Punjab Kings,24.0,,win,V Sehwag,129,494,129,494,11975.0
734049,2014,6,Bangalore,2014-06-01,Indian Premier League,,male,T20,T20,20,2014,club,M Chinnaswamy Stadium,Kolkata Knight Riders,Kolkata Knight Riders,Punjab Kings,field,Kolkata Knight Riders,,3.0,win,MK Pandey,6,494,6,6,59.0
829705,2015,6,Kolkata,2015-04-08,Indian Premier League,1.0,male,T20,T20,20,2015,club,Eden Gardens,Kolkata Knight Riders,Kolkata Knight Riders,Mumbai Indians,field,Kolkata Knight Riders,,7.0,win,M Morkel,6,3,6,6,13863.0
829707,2015,6,Chennai,2015-04-09,Indian Premier League,2.0,male,T20,T20,20,2015,club,"MA Chidambaram Stadium, Chepauk",Delhi Capitals,Chennai Super Kings,Delhi Capitals,field,Chennai Super Kings,1.0,,win,A Nehra,129,252,252,129,21.0
829709,2015,6,Pune,2015-04-10,Indian Premier League,3.0,male,T20,T20,20,2015,club,Maharashtra Cricket Association Stadium,Punjab Kings,Punjab Kings,Rajasthan Royals,field,Rajasthan Royals,26.0,,win,JP Faulkner,494,134,494,134,569.0
829711,2015,6,Chennai,2015-04-11,Indian Premier League,4.0,male,T20,T20,20,2015,club,"MA Chidambaram Stadium, Chepauk",Chennai Super Kings,Chennai Super Kings,Sunrisers Hyderabad,bat,Chennai Super Kings,45.0,,win,BB McCullum,129,2,129,129,46.0
829713,2015,6,Kolkata,2015-04-11,Indian Premier League,5.0,male,T20,T20,20,2015,club,Eden Gardens,Royal Challengers Bangalore,Kolkata Knight Riders,Royal Challengers Bangalore,field,Royal Challengers Bangalore,,3.0,win,CH Gayle,6,1,1,1,1.0
829715,2015,6,Delhi,2015-04-12,Indian Premier League,6.0,male,T20,T20,20,2015,club,Feroz Shah Kotla,Rajasthan Royals,Delhi Capitals,Rajasthan Royals,field,Rajasthan Royals,,3.0,win,DJ Hooda,252,134,134,134,16.0
829717,2015,6,Mumbai,2015-04-12,Indian Premier League,7.0,male,T20,T20,20,2015,club,Wankhede Stadium,Mumbai Indians,Mumbai Indians,Punjab Kings,field,Punjab Kings,18.0,,win,GJ Bailey,3,494,3,494,13882.0
829719,2015,6,Bangalore,2015-04-13,Indian Premier League,8.0,male,T20,T20,20,2015,club,M Chinnaswamy Stadium,Sunrisers Hyderabad,Royal Challengers Bangalore,Sunrisers Hyderabad,field,Sunrisers Hyderabad,,8.0,win,DA Warner,1,2,2,2,12.0
829721,2015,6,Ahmedabad,2015-04-14,Indian Premier League,9.0,male,T20,T20,20,2015,club,"Sardar Patel Stadium, Motera",Mumbai Indians,Rajasthan Royals,Mumbai Indians,bat,Rajasthan Royals,,7.0,win,SPD Smith,134,3,3,134,36.0
829723,2015,6,Kolkata,2015-04-30,Indian Premier League,30.0,male,T20,T20,20,2015,club,Eden Gardens,Kolkata Knight Riders,Kolkata Knight Riders,Chennai Super Kings,field,Kolkata Knight Riders,,7.0,win,AD Russell,6,129,6,6,1437.0
829725,2015,6,Pune,2015-04-15,Indian Premier League,10.0,male,T20,T20,20,2015,club,Maharashtra Cricket Association Stadium,Punjab Kings,Punjab Kings,Delhi Capitals,bat,Delhi Capitals,,5.0,win,MA Agarwal,494,252,494,252,35.0
829727,2015,6,Visakhapatnam,2015-04-16,Indian Premier League,11.0,male,T20,T20,20,2015,club,Dr. Y.S. Rajasekhara Reddy ACA-VDCA Cricket Stadium,Rajasthan Royals,Sunrisers Hyderabad,Rajasthan Royals,field,Rajasthan Royals,,6.0,win,AM Rahane,2,134,134,134,34.0
829729,2015,6,Mumbai,2015-04-17,Indian Premier League,12.0,male,T20,T20,20,2015,club,Wankhede Stadium,Mumbai Indians,Mumbai Indians,Chennai Super Kings,bat,Chennai Super Kings,,6.0,win,A Nehra,3,129,3,129,21.0
829731,2015,6,Visakhapatnam,2015-04-18,Indian Premier League,13.0,male,T20,T20,20,2015,club,Dr. Y.S. Rajasekhara Reddy ACA-VDCA Cricket Stadium,Delhi Capitals,Sunrisers Hyderabad,Delhi Capitals,bat,Delhi Capitals,4.0,,win,JP Duminy,2,252,252,252,1964.0
829733,2015,6,Pune,2015-04-18,Indian Premier League,14.0,male,T20,T20,20,2015,club,Maharashtra Cricket Association Stadium,Kolkata Knight Riders,Punjab Kings,Kolkata Knight Riders,field,Kolkata Knight Riders,,4.0,win,AD Russell,494,6,6,6,1437.0
829735,2015,6,Ahmedabad,2015-04-19,Indian Premier League,15.0,male,T20,T20,20,2015,club,"Sardar Patel Stadium, Motera",Chennai Super Kings,Rajasthan Royals,Chennai Super Kings,bat,Rajasthan Royals,,8.0,win,AM Rahane,134,129,129,134,34.0
829737,2015,6,Bangalore,2015-04-19,Indian Premier League,16.0,male,T20,T20,20,2015,club,M Chinnaswamy Stadium,Royal Challengers Bangalore,Royal Challengers Bangalore,Mumbai Indians,field,Mumbai Indians,18.0,,win,Harbhajan Singh,1,3,1,3,228.0
829739,2015,6,Delhi,2015-04-20,Indian Premier League,17.0,male,T20,T20,20,2015,club,Feroz Shah Kotla,Kolkata Knight Riders,Delhi Capitals,Kolkata Knight Riders,field,Kolkata Knight Riders,,6.0,win,UT Yadav,252,6,6,6,318.0
829741,2015,6,Ahmedabad,2015-04-21,Indian Premier League,18.0,male,T20,T20,20,2015,club,"Sardar Patel Stadium, Motera",Punjab Kings,Rajasthan Royals,Punjab Kings,field,Punjab Kings,,,tie,SE Marsh,134,494,494,494,541.0
829743,2015,6,Visakhapatnam,2015-04-22,Indian Premier League,19.0,male,T20,T20,20,2015,club,Dr. Y.S. Rajasekhara Reddy ACA-VDCA Cricket Stadium,Kolkata Knight Riders,Sunrisers Hyderabad,Kolkata Knight Riders,field,Sunrisers Hyderabad,16.0,,win,DA Warner,2,6,6,2,12.0
829745,2015,6,Bangalore,2015-04-22,Indian Premier League,20.0,male,T20,T20,20,2015,club,M Chinnaswamy Stadium,Royal Challengers Bangalore,Royal Challengers Bangalore,Chennai Super Kings,field,Chennai Super Kings,27.0,,win,SK Raina,1,129,1,129,47.0
829747,2015,6,Delhi,2015-04-23,Indian Premier League,21.0,male,T20,T20,20,2015,club,Feroz Shah Kotla,Mumbai Indians,Delhi Capitals,Mumbai Indians,field,Delhi Capitals,37.0,,win,SS Iyer,252,3,3,252,389.0
829749,2015,6,Ahmedabad,2015-04-24,Indian Premier League,22.0,male,T20,T20,20,2015,club,"Sardar Patel Stadium, Motera",Royal Challengers Bangalore,Rajasthan Royals,Royal Challengers Bangalore,field,Royal Challengers Bangalore,,9.0,win,MA Starc,134,1,1,1,10109.0
829751,2015,6,Mumbai,2015-04-25,Indian Premier League,23.0,male,T20,T20,20,2015,club,Wankhede Stadium,Mumbai Indians,Mumbai Indians,Sunrisers Hyderabad,bat,Mumbai Indians,20.0,,win,SL Malinga,3,2,3,3,230.0
829753,2015,6,Chennai,2015-04-25,Indian Premier League,24.0,male,T20,T20,20,2015,club,"MA Chidambaram Stadium, Chepauk",Chennai Super Kings,Chennai Super Kings,Punjab Kings,bat,Chennai Super Kings,97.0,,win,BB McCullum,129,494,129,129,46.0
829757,2015,6,Delhi,2015-04-26,Indian Premier League,26.0,male,T20,T20,20,2015,club,Feroz Shah Kotla,Royal Challengers Bangalore,Delhi Capitals,Royal Challengers Bangalore,field,Royal Challengers Bangalore,,10.0,win,VR Aaron,252,1,1,1,241.0
829759,2015,6,Chandigarh,2015-04-27,Indian Premier League,27.0,male,T20,T20,20,2015,club,"Punjab Cricket Association Stadium, Mohali",Punjab Kings,Punjab Kings,Sunrisers Hyderabad,field,Sunrisers Hyderabad,20.0,,win,TA Boult,494,2,494,2,66.0
829761,2015,6,Kolkata,2015-05-07,Indian Premier League,42.0,male,T20,T20,20,2015,club,Eden Gardens,Kolkata Knight Riders,Kolkata Knight Riders,Delhi Capitals,bat,Kolkata Knight Riders,13.0,,win,PP Chawla,6,252,6,6,63.0
829763,2015,6,Bangalore,2015-04-29,Indian Premier League,29.0,male,T20,T20,20,2015,club,M Chinnaswamy Stadium,Rajasthan Royals,Royal Challengers Bangalore,Rajasthan Royals,field,Rajasthan Royals,,,no result,,1,134,134,134,
829765,2015,6,Chennai,2015-04-28,Indian Premier League,28.0,male,T20,T20,20,2015,club,"MA Chidambaram Stadium, Chepauk",Kolkata Knight Riders,Chennai Super Kings,Kolkata Knight Riders,field,Chennai Super Kings,2.0,,win,DJ Bravo,129,6,6,129,1393.0
829767,2015,6,Delhi,2015-05-01,Indian Premier League,31.0,male,T20,T20,20,2015,club,Feroz Shah Kotla,Delhi Capitals,Delhi Capitals,Punjab Kings,field,Delhi Capitals,,9.0,win,NM Coulter-Nile,252,494,252,252,471.0
829769,2015,6,Mumbai,2015-05-01,Indian Premier League,32.0,male,T20,T20,20,2015,club,Wankhede Stadium,Rajasthan Royals,Mumbai Indians,Rajasthan Royals,field,Mumbai Indians,8.0,,win,AT Rayudu,3,134,134,3,27.0
829771,2015,6,Bangalore,2015-05-02,Indian Premier League,33.0,male,T20,T20,20,2015,club,M Chinnaswamy Stadium,Royal Challengers Bangalore,Royal Challengers Bangalore,Kolkata Knight Riders,field,Royal Challengers Bangalore,,7.0,win,Mandeep Singh,1,6,1,1,2.0
829773,2015,6,Hyderabad,2015-05-02,Indian Premier League,34.0,male,T20,T20,20,2015,club,"Rajiv Gandhi International Stadium, Uppal",Chennai Super Kings,Sunrisers Hyderabad,Chennai Super Kings,field,Sunrisers Hyderabad,22.0,,win,DA Warner,2,129,129,2,12.0
829775,2015,6,Chandigarh,2015-05-03,Indian Premier League,35.0,male,T20,T20,20,2015,club,"Punjab Cricket Association Stadium, Mohali",Mumbai Indians,Punjab Kings,Mumbai Indians,bat,Mumbai Indians,23.0,,win,LMP Simmons,494,3,3,3,1035.0
829777,2015,6,Mumbai,2015-05-03,Indian Premier League,36.0,male,T20,T20,20,2015,club,Brabourne Stadium,Delhi Capitals,Rajasthan Royals,Delhi Capitals,field,Rajasthan Royals,14.0,,win,AM Rahane,134,252,252,134,34.0
829779,2015,6,Chennai,2015-05-04,Indian Premier League,37.0,male,T20,T20,20,2015,club,"MA Chidambaram Stadium, Chepauk",Chennai Super Kings,Chennai Super Kings,Royal Challengers Bangalore,bat,Chennai Super Kings,24.0,,win,SK Raina,129,1,129,129,47.0
829781,2015,6,Kolkata,2015-05-04,Indian Premier League,38.0,male,T20,T20,20,2015,club,Eden Gardens,Sunrisers Hyderabad,Kolkata Knight Riders,Sunrisers Hyderabad,field,Kolkata Knight Riders,35.0,,win,UT Yadav,6,2,2,6,318.0
829783,2015,6,Mumbai,2015-05-05,Indian Premier League,39.0,male,T20,T20,20,2015,club,Wankhede Stadium,Delhi Capitals,Mumbai Indians,Delhi Capitals,bat,Mumbai Indians,,5.0,win,Harbhajan Singh,3,252,252,3,228.0
829785,2015,6,Bangalore,2015-05-06,Indian Premier League,40.0,male,T20,T20,20,2015,club,M Chinnaswamy Stadium,Punjab Kings,Royal Challengers Bangalore,Punjab Kings,field,Royal Challengers Bangalore,138.0,,win,CH Gayle,1,494,494,1,1.0
829787,2015,6,Mumbai,2015-05-07,Indian Premier League,41.0,male,T20,T20,20,2015,club,Brabourne Stadium,Rajasthan Royals,Rajasthan Royals,Sunrisers Hyderabad,field,Sunrisers Hyderabad,7.0,,win,EJG Morgan,134,2,134,2,400.0
829789,2015,6,Chennai,2015-05-08,Indian Premier League,43.0,male,T20,T20,20,2015,club,"MA Chidambaram Stadium, Chepauk",Chennai Super Kings,Chennai Super Kings,Mumbai Indians,bat,Mumbai Indians,,6.0,win,HH Pandya,129,3,129,3,30.0
829791,2015,6,Kolkata,2015-05-09,Indian Premier League,44.0,male,T20,T20,20,2015,club,Eden Gardens,Punjab Kings,Kolkata Knight Riders,Punjab Kings,bat,Kolkata Knight Riders,,1.0,win,AD Russell,6,494,494,6,1437.0
829793,2015,6,Raipur,2015-05-09,Indian Premier League,45.0,male,T20,T20,20,2015,club,Shaheed Veer Narayan Singh International Stadium,Sunrisers Hyderabad,Delhi Capitals,Sunrisers Hyderabad,bat,Sunrisers Hyderabad,6.0,,win,MC Henriques,252,2,2,2,14.0
829795,2015,6,Mumbai,2015-05-10,Indian Premier League,46.0,male,T20,T20,20,2015,club,Wankhede Stadium,Royal Challengers Bangalore,Mumbai Indians,Royal Challengers Bangalore,bat,Royal Challengers Bangalore,39.0,,win,AB de Villiers,3,1,1,1,245.0
829797,2015,6,Chennai,2015-05-10,Indian Premier League,47.0,male,T20,T20,20,2015,club,"MA Chidambaram Stadium, Chepauk",Chennai Super Kings,Chennai Super Kings,Rajasthan Royals,bat,Chennai Super Kings,12.0,,win,RA Jadeja,129,134,129,129,348.0
829799,2015,6,Hyderabad,2015-05-11,Indian Premier League,48.0,male,T20,T20,20,2015,club,"Rajiv Gandhi International Stadium, Uppal",Sunrisers Hyderabad,Sunrisers Hyderabad,Punjab Kings,bat,Sunrisers Hyderabad,5.0,,win,DA Warner,2,494,2,2,12.0
829801,2015,6,Raipur,2015-05-12,Indian Premier League,49.0,male,T20,T20,20,2015,club,Shaheed Veer Narayan Singh International Stadium,Chennai Super Kings,Delhi Capitals,Chennai Super Kings,bat,Delhi Capitals,,6.0,win,Z Khan,252,129,129,252,187.0
829803,2015,6,Chandigarh,2015-05-13,Indian Premier League,50.0,male,T20,T20,20,2015,club,"Punjab Cricket Association Stadium, Mohali",Royal Challengers Bangalore,Punjab Kings,Royal Challengers Bangalore,field,Punjab Kings,22.0,,win,AR Patel,494,1,1,494,70.0
829805,2015,6,Mumbai,2015-05-14,Indian Premier League,51.0,male,T20,T20,20,2015,club,Wankhede Stadium,Kolkata Knight Riders,Mumbai Indians,Kolkata Knight Riders,field,Mumbai Indians,5.0,,win,HH Pandya,3,6,6,3,30.0
829807,2015,6,Hyderabad,2015-05-15,Indian Premier League,52.0,male,T20,T20,20,2015,club,"Rajiv Gandhi International Stadium, Uppal",Sunrisers Hyderabad,Sunrisers Hyderabad,Royal Challengers Bangalore,bat,Royal Challengers Bangalore,,6.0,win,V Kohli,2,1,2,1,332.0
829809,2015,6,Chandigarh,2015-05-16,Indian Premier League,53.0,male,T20,T20,20,2015,club,"Punjab Cricket Association Stadium, Mohali",Punjab Kings,Punjab Kings,Chennai Super Kings,bat,Chennai Super Kings,,7.0,win,P Negi,494,129,494,129,172.0
829811,2015,6,Mumbai,2015-05-16,Indian Premier League,54.0,male,T20,T20,20,2015,club,Brabourne Stadium,Rajasthan Royals,Rajasthan Royals,Kolkata Knight Riders,bat,Rajasthan Royals,9.0,,win,SR Watson,134,6,134,134,5.0
829813,2015,6,Bangalore,2015-05-17,Indian Premier League,55.0,male,T20,T20,20,2015,club,M Chinnaswamy Stadium,Royal Challengers Bangalore,Royal Challengers Bangalore,Delhi Capitals,field,Delhi Capitals,,,no result,,1,252,1,252,
829815,2015,6,Hyderabad,2015-05-17,Indian Premier League,56.0,male,T20,T20,20,2015,club,"Rajiv Gandhi International Stadium, Uppal",Sunrisers Hyderabad,Sunrisers Hyderabad,Mumbai Indians,bat,Mumbai Indians,,9.0,win,MJ McClenaghan,2,3,2,3,32.0
829817,2015,6,Mumbai,2015-05-19,Indian Premier League,,male,T20,T20,20,2015,club,Wankhede Stadium,Mumbai Indians,Chennai Super Kings,Mumbai Indians,bat,Mumbai Indians,25.0,,win,KA Pollard,129,3,3,3,29.0
829819,2015,6,Pune,2015-05-20,Indian Premier League,,male,T20,T20,20,2015,club,Maharashtra Cricket Association Stadium,Royal Challengers Bangalore,Royal Challengers Bangalore,Rajasthan Royals,bat,Royal Challengers Bangalore,71.0,,win,AB de Villiers,1,134,1,1,245.0
829821,2015,6,Ranchi,2015-05-22,Indian Premier League,,male,T20,T20,20,2015,club,JSCA International Stadium Complex,Chennai Super Kings,Chennai Super Kings,Royal Challengers Bangalore,field,Chennai Super Kings,,3.0,win,A Nehra,129,1,129,129,21.0
829823,2015,6,Kolkata,2015-05-24,Indian Premier League,,male,T20,T20,20,2015,club,Eden Gardens,Chennai Super Kings,Mumbai Indians,Chennai Super Kings,field,Mumbai Indians,41.0,,win,RG Sharma,3,129,129,3,25.0
980901,2016,6,Mumbai,2016-04-09,Indian Premier League,1.0,male,T20,T20,20,2016,club,Wankhede Stadium,Mumbai Indians,Mumbai Indians,Rising Pune Supergiant,bat,Rising Pune Supergiant,,9.0,win,AM Rahane,3,4,3,4,34.0
980903,2016,6,Kolkata,2016-04-10,Indian Premier League,2.0,male,T20,T20,20,2016,club,Eden Gardens,Kolkata Knight Riders,Kolkata Knight Riders,Delhi Capitals,field,Kolkata Knight Riders,,9.0,win,AD Russell,6,252,6,6,1437.0
980905,2016,6,Chandigarh,2016-04-11,Indian Premier League,3.0,male,T20,T20,20,2016,club,"Punjab Cricket Association IS Bindra Stadium, Mohali",Gujarat Lions,Punjab Kings,Gujarat Lions,field,Gujarat Lions,,5.0,win,AJ Finch,494,5,5,5,48.0
980907,2016,6,Bangalore,2016-04-12,Indian Premier League,4.0,male,T20,T20,20,2016,club,M Chinnaswamy Stadium,Sunrisers Hyderabad,Royal Challengers Bangalore,Sunrisers Hyderabad,field,Royal Challengers Bangalore,45.0,,win,AB de Villiers,1,2,2,1,245.0
980909,2016,6,Kolkata,2016-04-13,Indian Premier League,5.0,male,T20,T20,20,2016,club,Eden Gardens,Mumbai Indians,Kolkata Knight Riders,Mumbai Indians,field,Mumbai Indians,,6.0,win,RG Sharma,6,3,3,3,25.0
980911,2016,6,Rajkot,2016-04-14,Indian Premier League,6.0,male,T20,T20,20,2016,club,Saurashtra Cricket Association Stadium,Rising Pune Supergiant,Gujarat Lions,Rising Pune Supergiant,bat,Gujarat Lions,,7.0,win,AJ Finch,5,4,4,5,48.0
980913,2016,6,Delhi,2016-04-15,Indian Premier League,7.0,male,T20,T20,20,2016,club,Feroz Shah Kotla,Delhi Capitals,Delhi Capitals,Punjab Kings,field,Delhi Capitals,,8.0,win,A Mishra,252,494,252,252,185.0
980915,2016,6,Hyderabad,2016-04-16,Indian Premier League,8.0,male,T20,T20,20,2016,club,"Rajiv Gandhi International Stadium, Uppal",Sunrisers Hyderabad,Sunrisers Hyderabad,Kolkata Knight Riders,bat,Kolkata Knight Riders,,8.0,win,G Gambhir,2,6,2,6,56.0
980917,2016,6,Mumbai,2016-04-16,Indian Premier League,9.0,male,T20,T20,20,2016,club,Wankhede Stadium,Gujarat Lions,Mumbai Indians,Gujarat Lions,field,Gujarat Lions,,3.0,win,AJ Finch,3,5,5,5,48.0
980919,2016,6,Chandigarh,2016-04-17,Indian Premier League,10.0,male,T20,T20,20,2016,club,"Punjab Cricket Association IS Bindra Stadium, Mohali",Rising Pune Supergiant,Punjab Kings,Rising Pune Supergiant,bat,Punjab Kings,,6.0,win,M Vohra,494,4,4,494,68.0
980921,2016,6,Bangalore,2016-04-17,Indian Premier League,11.0,male,T20,T20,20,2016,club,M Chinnaswamy Stadium,Delhi Capitals,Royal Challengers Bangalore,Delhi Capitals,field,Delhi Capitals,,7.0,win,Q de Kock,1,252,252,252,1421.0
980923,2016,6,Hyderabad,2016-04-18,Indian Premier League,12.0,male,T20,T20,20,2016,club,"Rajiv Gandhi International Stadium, Uppal",Sunrisers Hyderabad,Sunrisers Hyderabad,Mumbai Indians,field,Sunrisers Hyderabad,,7.0,win,DA Warner,2,3,2,2,12.0
980925,2016,6,Chandigarh,2016-04-19,Indian Premier League,13.0,male,T20,T20,20,2016,club,"Punjab Cricket Association IS Bindra Stadium, Mohali",Kolkata Knight Riders,Punjab Kings,Kolkata Knight Riders,field,Kolkata Knight Riders,,6.0,win,RV Uthappa,494,6,6,6,58.0
980927,2016,6,Mumbai,2016-04-20,Indian Premier League,14.0,male,T20,T20,20,2016,club,Wankhede Stadium,Mumbai Indians,Mumbai Indians,Royal Challengers Bangalore,field,Mumbai Indians,,6.0,win,RG Sharma,3,1,3,3,25.0
980929,2016,6,Rajkot,2016-04-21,Indian Premier League,15.0,male,T20,T20,20,2016,club,Saurashtra Cricket Association Stadium,Sunrisers Hyderabad,Gujarat Lions,Sunrisers Hyderabad,field,Sunrisers Hyderabad,,10.0,win,B Kumar,5,2,2,2,20.0
980931,2016,6,Pune,2016-04-22,Indian Premier League,16.0,male,T20,T20,20,2016,club,Maharashtra Cricket Association Stadium,Rising Pune Supergiant,Rising Pune Supergiant,Royal Challengers Bangalore,field,Royal Challengers Bangalore,13.0,,win,AB de Villiers,4,1,4,1,245.0
980933,2016,6,Delhi,2016-04-23,Indian Premier League,17.0,male,T20,T20,20,2016,club,Feroz Shah Kotla,Mumbai Indians,Delhi Capitals,Mumbai Indians,field,Delhi Capitals,10.0,,win,SV Samson,252,3,3,252,180.0
980935,2016,6,Hyderabad,2016-04-23,Indian Premier League,18.0,male,T20,T20,20,2016,club,"Rajiv Gandhi International Stadium, Uppal",Sunrisers Hyderabad,Sunrisers Hyderabad,Punjab Kings,field,Sunrisers Hyderabad,,5.0,win,Mustafizur Rahman,2,494,2,2,297.0
980937,2016,6,Rajkot,2016-04-24,Indian Premier League,19.0,male,T20,T20,20,2016,club,Saurashtra Cricket Association Stadium,Royal Challengers Bangalore,Gujarat Lions,Royal Challengers Bangalore,bat,Gujarat Lions,,6.0,win,V Kohli,5,1,1,5,332.0
980939,2016,6,Pune,2016-04-24,Indian Premier League,20.0,male,T20,T20,20,2016,club,Maharashtra Cricket Association Stadium,Kolkata Knight Riders,Rising Pune Supergiant,Kolkata Knight Riders,field,Kolkata Knight Riders,,2.0,win,SA Yadav,4,6,6,6,61.0
980941,2016,6,Chandigarh,2016-04-25,Indian Premier League,21.0,male,T20,T20,20,2016,club,"Punjab Cricket Association IS Bindra Stadium, Mohali",Punjab Kings,Punjab Kings,Mumbai Indians,field,Mumbai Indians,25.0,,win,PA Patel,494,3,494,3,23.0
980943,2016,6,Hyderabad,2016-04-26,Indian Premier League,22.0,male,T20,T20,20,2016,club,"Rajiv Gandhi International Stadium, Uppal",Rising Pune Supergiant,Sunrisers Hyderabad,Rising Pune Supergiant,field,Rising Pune Supergiant,34.0,,win,AB Dinda,2,4,4,4,43.0
980945,2016,6,Delhi,2016-04-27,Indian Premier League,23.0,male,T20,T20,20,2016,club,Feroz Shah Kotla,Delhi Capitals,Delhi Capitals,Gujarat Lions,field,Gujarat Lions,1.0,,win,CH Morris,252,5,252,5,182.0
980947,2016,6,Mumbai,2016-04-28,Indian Premier League,24.0,male,T20,T20,20,2016,club,Wankhede Stadium,Mumbai Indians,Mumbai Indians,Kolkata Knight Riders,field,Mumbai Indians,,6.0,win,RG Sharma,3,6,3,3,25.0
980949,2016,6,Pune,2016-04-29,Indian Premier League,25.0,male,T20,T20,20,2016,club,Maharashtra Cricket Association Stadium,Gujarat Lions,Rising Pune Supergiant,Gujarat Lions,field,Gujarat Lions,,3.0,win,DR Smith,4,5,5,5,50.0
980951,2016,6,Delhi,2016-04-30,Indian Premier League,26.0,male,T20,T20,20,2016,club,Feroz Shah Kotla,Kolkata Knight Riders,Delhi Capitals,Kolkata Knight Riders,field,Delhi Capitals,27.0,,win,CR Brathwaite,252,6,6,252,183.0
980953,2016,6,Hyderabad,2016-04-30,Indian Premier League,27.0,male,T20,T20,20,2016,club,"Rajiv Gandhi International Stadium, Uppal",Royal Challengers Bangalore,Sunrisers Hyderabad,Royal Challengers Bangalore,field,Sunrisers Hyderabad,15.0,,win,DA Warner,2,1,1,2,12.0
980955,2016,6,Rajkot,2016-05-01,Indian Premier League,28.0,male,T20,T20,20,2016,club,Saurashtra Cricket Association Stadium,Gujarat Lions,Gujarat Lions,Punjab Kings,field,Punjab Kings,23.0,,win,AR Patel,5,494,5,494,70.0
980957,2016,6,Pune,2016-05-01,Indian Premier League,29.0,male,T20,T20,20,2016,club,Maharashtra Cricket Association Stadium,Mumbai Indians,Rising Pune Supergiant,Mumbai Indians,field,Mumbai Indians,,8.0,win,RG Sharma,4,3,3,3,25.0
980959,2016,6,Bangalore,2016-05-02,Indian Premier League,30.0,male,T20,T20,20,2016,club,M Chinnaswamy Stadium,Kolkata Knight Riders,Royal Challengers Bangalore,Kolkata Knight Riders,field,Kolkata Knight Riders,,5.0,win,AD Russell,1,6,6,6,1437.0
980961,2016,6,Rajkot,2016-05-03,Indian Premier League,31.0,male,T20,T20,20,2016,club,Saurashtra Cricket Association Stadium,Delhi Capitals,Gujarat Lions,Delhi Capitals,field,Delhi Capitals,,8.0,win,RR Pant,5,252,252,252,181.0
980963,2016,6,Kolkata,2016-05-04,Indian Premier League,32.0,male,T20,T20,20,2016,club,Eden Gardens,Punjab Kings,Kolkata Knight Riders,Punjab Kings,field,Kolkata Knight Riders,7.0,,win,AD Russell,6,494,494,6,1437.0
980965,2016,6,Delhi,2016-05-05,Indian Premier League,33.0,male,T20,T20,20,2016,club,Feroz Shah Kotla,Rising Pune Supergiant,Delhi Capitals,Rising Pune Supergiant,field,Rising Pune Supergiant,,7.0,win,AM Rahane,252,4,4,4,34.0
980967,2016,6,Hyderabad,2016-05-06,Indian Premier League,34.0,male,T20,T20,20,2016,club,"Rajiv Gandhi International Stadium, Uppal",Sunrisers Hyderabad,Sunrisers Hyderabad,Gujarat Lions,field,Sunrisers Hyderabad,,5.0,win,B Kumar,2,5,2,2,20.0
980969,2016,6,Bangalore,2016-05-07,Indian Premier League,35.0,male,T20,T20,20,2016,club,M Chinnaswamy Stadium,Royal Challengers Bangalore,Royal Challengers Bangalore,Rising Pune Supergiant,field,Royal Challengers Bangalore,,7.0,win,V Kohli,1,4,1,1,332.0
980971,2016,6,Chandigarh,2016-05-07,Indian Premier League,36.0,male,T20,T20,20,2016,club,"Punjab Cricket Association IS Bindra Stadium, Mohali",Delhi Capitals,Punjab Kings,Delhi Capitals,field,Punjab Kings,9.0,,win,MP Stoinis,494,252,252,494,73.0
980973,2016,6,Visakhapatnam,2016-05-08,Indian Premier League,37.0,male,T20,T20,20,2016,club,Dr. Y.S. Rajasekhara Reddy ACA-VDCA Cricket Stadium,Mumbai Indians,Mumbai Indians,Sunrisers Hyderabad,field,Sunrisers Hyderabad,85.0,,win,A Nehra,3,2,3,2,21.0
980975,2016,6,Kolkata,2016-05-08,Indian Premier League,38.0,male,T20,T20,20,2016,club,Eden Gardens,Gujarat Lions,Kolkata Knight Riders,Gujarat Lions,field,Gujarat Lions,,5.0,win,P Kumar,6,5,5,5,52.0
980977,2016,6,Chandigarh,2016-05-09,Indian Premier League,39.0,male,T20,T20,20,2016,club,"Punjab Cricket Association IS Bindra Stadium, Mohali",Punjab Kings,Punjab Kings,Royal Challengers Bangalore,field,Royal Challengers Bangalore,1.0,,win,SR Watson,494,1,494,1,5.0
1473446,2025,6,Ahmedabad,2025-03-29,Indian Premier League,9.0,male,T20,T20,20,2025,club,"Narendra Modi Stadium, Ahmedabad",Mumbai Indians,Gujarat Titans,Mumbai Indians,field,Gujarat Titans,36.0,,win,M Prasidh Krishna,615,3,3,615,2188.0
980979,2016,6,Visakhapatnam,2016-05-10,Indian Premier League,40.0,male,T20,T20,20,2016,club,Dr. Y.S. Rajasekhara Reddy ACA-VDCA Cricket Stadium,Sunrisers Hyderabad,Rising Pune Supergiant,Sunrisers Hyderabad,bat,Sunrisers Hyderabad,4.0,,win,A Zampa,4,2,2,2,42.0
980981,2016,6,Bangalore,2016-05-11,Indian Premier League,41.0,male,T20,T20,20,2016,club,M Chinnaswamy Stadium,Mumbai Indians,Royal Challengers Bangalore,Mumbai Indians,field,Mumbai Indians,,6.0,win,KH Pandya,1,3,3,3,28.0
980983,2016,6,Hyderabad,2016-05-12,Indian Premier League,42.0,male,T20,T20,20,2016,club,"Rajiv Gandhi International Stadium, Uppal",Delhi Capitals,Sunrisers Hyderabad,Delhi Capitals,field,Delhi Capitals,,7.0,win,CH Morris,2,252,252,252,182.0
980985,2016,6,Visakhapatnam,2016-05-13,Indian Premier League,43.0,male,T20,T20,20,2016,club,Dr. Y.S. Rajasekhara Reddy ACA-VDCA Cricket Stadium,Mumbai Indians,Mumbai Indians,Punjab Kings,bat,Punjab Kings,,7.0,win,MP Stoinis,3,494,3,494,73.0
980987,2016,6,Bangalore,2016-05-14,Indian Premier League,44.0,male,T20,T20,20,2016,club,M Chinnaswamy Stadium,Gujarat Lions,Royal Challengers Bangalore,Gujarat Lions,field,Royal Challengers Bangalore,144.0,,win,AB de Villiers,1,5,5,1,245.0
980989,2016,6,Kolkata,2016-05-14,Indian Premier League,45.0,male,T20,T20,20,2016,club,Eden Gardens,Rising Pune Supergiant,Kolkata Knight Riders,Rising Pune Supergiant,bat,Kolkata Knight Riders,,8.0,win,YK Pathan,6,4,4,6,60.0
980991,2016,6,Chandigarh,2016-05-15,Indian Premier League,46.0,male,T20,T20,20,2016,club,"Punjab Cricket Association IS Bindra Stadium, Mohali",Punjab Kings,Punjab Kings,Sunrisers Hyderabad,bat,Sunrisers Hyderabad,,7.0,win,HM Amla,494,2,494,2,67.0
980993,2016,6,Visakhapatnam,2016-05-15,Indian Premier League,47.0,male,T20,T20,20,2016,club,Dr. Y.S. Rajasekhara Reddy ACA-VDCA Cricket Stadium,Delhi Capitals,Mumbai Indians,Delhi Capitals,field,Mumbai Indians,80.0,,win,KH Pandya,3,252,252,3,28.0
980995,2016,6,Kolkata,2016-05-16,Indian Premier League,48.0,male,T20,T20,20,2016,club,Eden Gardens,Royal Challengers Bangalore,Kolkata Knight Riders,Royal Challengers Bangalore,field,Royal Challengers Bangalore,,9.0,win,V Kohli,6,1,1,1,332.0
980997,2016,6,Visakhapatnam,2016-05-17,Indian Premier League,49.0,male,T20,T20,20,2016,club,Dr. Y.S. Rajasekhara Reddy ACA-VDCA Cricket Stadium,Rising Pune Supergiant,Rising Pune Supergiant,Delhi Capitals,field,Rising Pune Supergiant,19.0,,win,AB Dinda,4,252,4,4,43.0
980999,2016,6,Bangalore,2016-05-18,Indian Premier League,50.0,male,T20,T20,20,2016,club,M Chinnaswamy Stadium,Punjab Kings,Royal Challengers Bangalore,Punjab Kings,field,Royal Challengers Bangalore,82.0,,win,V Kohli,1,494,494,1,332.0
981001,2016,6,Kanpur,2016-05-19,Indian Premier League,51.0,male,T20,T20,20,2016,club,Green Park,Gujarat Lions,Gujarat Lions,Kolkata Knight Riders,field,Gujarat Lions,,6.0,win,DR Smith,5,6,5,5,50.0
981003,2016,6,Raipur,2016-05-20,Indian Premier League,52.0,male,T20,T20,20,2016,club,Shaheed Veer Narayan Singh International Stadium,Delhi Capitals,Delhi Capitals,Sunrisers Hyderabad,field,Delhi Capitals,,6.0,win,KK Nair,252,2,252,252,179.0
981005,2016,6,Visakhapatnam,2016-05-21,Indian Premier League,53.0,male,T20,T20,20,2016,club,Dr. Y.S. Rajasekhara Reddy ACA-VDCA Cricket Stadium,Punjab Kings,Rising Pune Supergiant,Punjab Kings,bat,Rising Pune Supergiant,,4.0,win,MS Dhoni,4,494,494,4,38.0
981007,2016,6,Kanpur,2016-05-21,Indian Premier League,54.0,male,T20,T20,20,2016,club,Green Park,Gujarat Lions,Gujarat Lions,Mumbai Indians,field,Gujarat Lions,,6.0,win,SK Raina,5,3,5,5,47.0
981009,2016,6,Kolkata,2016-05-22,Indian Premier League,55.0,male,T20,T20,20,2016,club,Eden Gardens,Sunrisers Hyderabad,Kolkata Knight Riders,Sunrisers Hyderabad,field,Kolkata Knight Riders,22.0,,win,YK Pathan,6,2,2,6,60.0
981011,2016,6,Raipur,2016-05-22,Indian Premier League,56.0,male,T20,T20,20,2016,club,Shaheed Veer Narayan Singh International Stadium,Royal Challengers Bangalore,Delhi Capitals,Royal Challengers Bangalore,field,Royal Challengers Bangalore,,6.0,win,V Kohli,252,1,1,1,332.0
981013,2016,6,Bangalore,2016-05-24,Indian Premier League,,male,T20,T20,20,2016,club,M Chinnaswamy Stadium,Royal Challengers Bangalore,Gujarat Lions,Royal Challengers Bangalore,field,Royal Challengers Bangalore,,4.0,win,AB de Villiers,5,1,1,1,245.0
981015,2016,6,Delhi,2016-05-25,Indian Premier League,,male,T20,T20,20,2016,club,Feroz Shah Kotla,Kolkata Knight Riders,Sunrisers Hyderabad,Kolkata Knight Riders,field,Sunrisers Hyderabad,22.0,,win,MC Henriques,2,6,6,2,14.0
981017,2016,6,Delhi,2016-05-27,Indian Premier League,,male,T20,T20,20,2016,club,Feroz Shah Kotla,Sunrisers Hyderabad,Gujarat Lions,Sunrisers Hyderabad,field,Sunrisers Hyderabad,,4.0,win,DA Warner,5,2,2,2,12.0
981019,2016,6,Bangalore,2016-05-29,Indian Premier League,,male,T20,T20,20,2016,club,M Chinnaswamy Stadium,Sunrisers Hyderabad,Royal Challengers Bangalore,Sunrisers Hyderabad,bat,Sunrisers Hyderabad,8.0,,win,BCJ Cutting,1,2,2,2,17.0
1473447,2025,6,Visakhapatnam,2025-03-30,Indian Premier League,10.0,male,T20,T20,20,2025,club,"Dr. Y.S. Rajasekhara Reddy ACA-VDCA Cricket Stadium, Visakhapatnam",Sunrisers Hyderabad,Sunrisers Hyderabad,Delhi Capitals,bat,Delhi Capitals,,7.0,win,MA Starc,2,252,2,252,10109.0
1473448,2025,6,Guwahati,2025-03-30,Indian Premier League,11.0,male,T20,T20,20,2025,club,"Barsapara Cricket Stadium, Guwahati",Chennai Super Kings,Rajasthan Royals,Chennai Super Kings,field,Rajasthan Royals,6.0,,win,N Rana,134,129,129,134,26.0
1473449,2025,6,Mumbai,2025-03-31,Indian Premier League,12.0,male,T20,T20,20,2025,club,"Wankhede Stadium, Mumbai",Mumbai Indians,Kolkata Knight Riders,Mumbai Indians,field,Mumbai Indians,,8.0,win,Ashwani Kumar,6,3,3,3,41785.0
1473450,2025,6,Lucknow,2025-04-01,Indian Premier League,13.0,male,T20,T20,20,2025,club,"Bharat Ratna Shri Atal Bihari Vajpayee Ekana Cricket Stadium, Lucknow",Punjab Kings,Lucknow Super Giants,Punjab Kings,field,Punjab Kings,,8.0,win,P Simran Singh,614,494,494,494,3747.0
1473451,2025,6,Bengaluru,2025-04-02,Indian Premier League,14.0,male,T20,T20,20,2025,club,"M Chinnaswamy Stadium, Bengaluru",Gujarat Titans,Royal Challengers Bangalore,Gujarat Titans,field,Gujarat Titans,,8.0,win,Mohammed Siraj,1,615,615,615,538.0
1473452,2025,6,Kolkata,2025-04-03,Indian Premier League,15.0,male,T20,T20,20,2025,club,"Eden Gardens, Kolkata",Sunrisers Hyderabad,Kolkata Knight Riders,Sunrisers Hyderabad,field,Kolkata Knight Riders,80.0,,win,VG Arora,6,2,2,6,6885.0
1473453,2025,6,Lucknow,2025-04-04,Indian Premier League,16.0,male,T20,T20,20,2025,club,"Bharat Ratna Shri Atal Bihari Vajpayee Ekana Cricket Stadium, Lucknow",Mumbai Indians,Lucknow Super Giants,Mumbai Indians,field,Lucknow Super Giants,12.0,,win,DS Rathi,614,3,3,614,11833.0
1473454,2025,6,Chennai,2025-04-05,Indian Premier League,17.0,male,T20,T20,20,2025,club,"MA Chidambaram Stadium, Chepauk, Chennai",Delhi Capitals,Delhi Capitals,Chennai Super Kings,bat,Delhi Capitals,25.0,,win,KL Rahul,252,129,252,252,1409.0
1473455,2025,6,Mohali,2025-04-05,Indian Premier League,18.0,male,T20,T20,20,2025,club,"Maharaja Yadavindra Singh International Cricket Stadium, Mullanpur",Punjab Kings,Rajasthan Royals,Punjab Kings,field,Rajasthan Royals,50.0,,win,JC Archer,134,494,494,134,1833.0
1473456,2025,6,Kolkata,2025-04-08,Indian Premier League,21.0,male,T20,T20,20,2025,club,"Eden Gardens, Kolkata",Kolkata Knight Riders,Lucknow Super Giants,Kolkata Knight Riders,field,Lucknow Super Giants,4.0,,win,N Pooran,614,6,6,614,2766.0
1473457,2025,6,Hyderabad,2025-04-06,Indian Premier League,19.0,male,T20,T20,20,2025,club,"Rajiv Gandhi International Stadium, Uppal, Hyderabad",Gujarat Titans,Sunrisers Hyderabad,Gujarat Titans,field,Gujarat Titans,,7.0,win,Mohammed Siraj,2,615,615,615,538.0
1473458,2025,6,Mumbai,2025-04-07,Indian Premier League,20.0,male,T20,T20,20,2025,club,"Wankhede Stadium, Mumbai",Mumbai Indians,Royal Challengers Bangalore,Mumbai Indians,field,Royal Challengers Bangalore,12.0,,win,RM Patidar,1,3,3,1,5349.0
1473459,2025,6,Mohali,2025-04-08,Indian Premier League,22.0,male,T20,T20,20,2025,club,"Maharaja Yadavindra Singh International Cricket Stadium, Mullanpur",Punjab Kings,Punjab Kings,Chennai Super Kings,bat,Punjab Kings,18.0,,win,Priyansh Arya,494,129,494,494,11847.0
1473460,2025,6,Ahmedabad,2025-04-09,Indian Premier League,23.0,male,T20,T20,20,2025,club,"Narendra Modi Stadium, Ahmedabad",Rajasthan Royals,Gujarat Titans,Rajasthan Royals,field,Gujarat Titans,58.0,,win,B Sai Sudharsan,615,134,134,615,6999.0
1473461,2025,6,Bengaluru,2025-04-10,Indian Premier League,24.0,male,T20,T20,20,2025,club,"M Chinnaswamy Stadium, Bengaluru",Delhi Capitals,Royal Challengers Bangalore,Delhi Capitals,field,Delhi Capitals,,6.0,win,KL Rahul,1,252,252,252,1409.0
1473462,2025,6,Chennai,2025-04-11,Indian Premier League,25.0,male,T20,T20,20,2025,club,"MA Chidambaram Stadium, Chepauk, Chennai",Kolkata Knight Riders,Chennai Super Kings,Kolkata Knight Riders,field,Kolkata Knight Riders,,8.0,win,SP Narine,129,6,6,6,65.0
1473463,2025,6,Lucknow,2025-04-12,Indian Premier League,26.0,male,T20,T20,20,2025,club,"Bharat Ratna Shri Atal Bihari Vajpayee Ekana Cricket Stadium, Lucknow",Lucknow Super Giants,Gujarat Titans,Lucknow Super Giants,field,Lucknow Super Giants,,6.0,win,AK Markram,615,614,614,614,6054.0
1473464,2025,6,Hyderabad,2025-04-12,Indian Premier League,27.0,male,T20,T20,20,2025,club,"Rajiv Gandhi International Stadium, Uppal, Hyderabad",Punjab Kings,Punjab Kings,Sunrisers Hyderabad,bat,Sunrisers Hyderabad,,8.0,win,Abhishek Sharma,494,2,494,2,2349.0
1473465,2025,6,Jaipur,2025-04-13,Indian Premier League,28.0,male,T20,T20,20,2025,club,"Sawai Mansingh Stadium, Jaipur",Royal Challengers Bangalore,Rajasthan Royals,Royal Challengers Bangalore,field,Royal Challengers Bangalore,,9.0,win,PD Salt,134,1,1,1,8945.0
1473466,2025,6,Delhi,2025-04-13,Indian Premier League,29.0,male,T20,T20,20,2025,club,"Arun Jaitley Stadium, Delhi",Delhi Capitals,Mumbai Indians,Delhi Capitals,field,Mumbai Indians,12.0,,win,KV Sharma,3,252,252,3,676.0
1473467,2025,6,Lucknow,2025-04-14,Indian Premier League,30.0,male,T20,T20,20,2025,club,"Bharat Ratna Shri Atal Bihari Vajpayee Ekana Cricket Stadium, Lucknow",Chennai Super Kings,Lucknow Super Giants,Chennai Super Kings,field,Chennai Super Kings,,5.0,win,MS Dhoni,614,129,129,129,38.0
1473468,2025,6,Mohali,2025-04-15,Indian Premier League,31.0,male,T20,T20,20,2025,club,"Maharaja Yadavindra Singh International Cricket Stadium, Mullanpur",Punjab Kings,Punjab Kings,Kolkata Knight Riders,bat,Punjab Kings,16.0,,win,YS Chahal,494,6,494,494,10.0
1473469,2025,6,Delhi,2025-04-16,Indian Premier League,32.0,male,T20,T20,20,2025,club,"Arun Jaitley Stadium, Delhi",Rajasthan Royals,Delhi Capitals,Rajasthan Royals,field,Rajasthan Royals,,,tie,MA Starc,252,134,134,134,10109.0
1473470,2025,6,Mumbai,2025-04-17,Indian Premier League,33.0,male,T20,T20,20,2025,club,"Wankhede Stadium, Mumbai",Mumbai Indians,Sunrisers Hyderabad,Mumbai Indians,field,Mumbai Indians,,4.0,win,WG Jacks,2,3,3,3,10630.0
1473471,2025,6,Bengaluru,2025-04-18,Indian Premier League,34.0,male,T20,T20,20,2025,club,"M Chinnaswamy Stadium, Bengaluru",Punjab Kings,Royal Challengers Bangalore,Punjab Kings,field,Punjab Kings,,5.0,win,TH David,1,494,494,494,6550.0
1473472,2025,6,Ahmedabad,2025-04-19,Indian Premier League,35.0,male,T20,T20,20,2025,club,"Narendra Modi Stadium, Ahmedabad",Gujarat Titans,Delhi Capitals,Gujarat Titans,field,Gujarat Titans,,7.0,win,JC Buttler,252,615,615,615,24.0
1473473,2025,6,Jaipur,2025-04-19,Indian Premier League,36.0,male,T20,T20,20,2025,club,"Sawai Mansingh Stadium, Jaipur",Lucknow Super Giants,Lucknow Super Giants,Rajasthan Royals,bat,Lucknow Super Giants,2.0,,win,Avesh Khan,614,134,614,614,1286.0
1473474,2025,6,Mohali,2025-04-20,Indian Premier League,37.0,male,T20,T20,20,2025,club,"Maharaja Yadavindra Singh International Cricket Stadium, Mullanpur",Royal Challengers Bangalore,Punjab Kings,Royal Challengers Bangalore,field,Royal Challengers Bangalore,,7.0,win,V Kohli,494,1,1,1,332.0
1473475,2025,6,Mumbai,2025-04-20,Indian Premier League,38.0,male,T20,T20,20,2025,club,"Wankhede Stadium, Mumbai",Mumbai Indians,Chennai Super Kings,Mumbai Indians,field,Mumbai Indians,,9.0,win,RG Sharma,129,3,3,3,25.0
1473476,2025,6,Kolkata,2025-04-21,Indian Premier League,39.0,male,T20,T20,20,2025,club,"Eden Gardens, Kolkata",Kolkata Knight Riders,Gujarat Titans,Kolkata Knight Riders,field,Gujarat Titans,39.0,,win,Shubman Gill,615,6,6,615,1580.0
1473477,2025,6,Lucknow,2025-04-22,Indian Premier League,40.0,male,T20,T20,20,2025,club,"Bharat Ratna Shri Atal Bihari Vajpayee Ekana Cricket Stadium, Lucknow",Delhi Capitals,Lucknow Super Giants,Delhi Capitals,field,Delhi Capitals,,8.0,win,Mukesh Kumar,614,252,252,252,8355.0
1473478,2025,6,Hyderabad,2025-04-23,Indian Premier League,41.0,male,T20,T20,20,2025,club,"Rajiv Gandhi International Stadium, Uppal, Hyderabad",Mumbai Indians,Sunrisers Hyderabad,Mumbai Indians,field,Mumbai Indians,,7.0,win,TA Boult,2,3,3,3,66.0
1473479,2025,6,Bengaluru,2025-04-24,Indian Premier League,42.0,male,T20,T20,20,2025,club,"M Chinnaswamy Stadium, Bengaluru",Rajasthan Royals,Royal Challengers Bangalore,Rajasthan Royals,field,Royal Challengers Bangalore,11.0,,win,JR Hazlewood,1,134,134,1,4664.0
1473480,2025,6,Chennai,2025-04-25,Indian Premier League,43.0,male,T20,T20,20,2025,club,"MA Chidambaram Stadium, Chepauk, Chennai",Sunrisers Hyderabad,Chennai Super Kings,Sunrisers Hyderabad,field,Sunrisers Hyderabad,,5.0,win,HV Patel,129,2,2,2,1285.0
1473481,2025,6,Kolkata,2025-04-26,Indian Premier League,44.0,male,T20,T20,20,2025,club,"Eden Gardens, Kolkata",Punjab Kings,Punjab Kings,Kolkata Knight Riders,bat,Kolkata Knight Riders,,,no result,,494,6,494,6,
1473482,2025,6,Mumbai,2025-04-27,Indian Premier League,45.0,male,T20,T20,20,2025,club,"Wankhede Stadium, Mumbai",Lucknow Super Giants,Mumbai Indians,Lucknow Super Giants,field,Mumbai Indians,54.0,,win,WG Jacks,3,614,614,3,10630.0
1473483,2025,6,Delhi,2025-04-27,Indian Premier League,46.0,male,T20,T20,20,2025,club,"Arun Jaitley Stadium, Delhi",Royal Challengers Bangalore,Delhi Capitals,Royal Challengers Bangalore,field,Royal Challengers Bangalore,,6.0,win,KH Pandya,252,1,1,1,28.0
1473484,2025,6,Jaipur,2025-04-28,Indian Premier League,47.0,male,T20,T20,20,2025,club,"Sawai Mansingh Stadium, Jaipur",Rajasthan Royals,Gujarat Titans,Rajasthan Royals,field,Rajasthan Royals,,8.0,win,V Suryavanshi,615,134,134,134,42566.0
1473485,2025,6,Delhi,2025-04-29,Indian Premier League,48.0,male,T20,T20,20,2025,club,"Arun Jaitley Stadium, Delhi",Delhi Capitals,Kolkata Knight Riders,Delhi Capitals,field,Kolkata Knight Riders,14.0,,win,SP Narine,6,252,252,6,65.0
1473486,2025,6,Chennai,2025-04-30,Indian Premier League,49.0,male,T20,T20,20,2025,club,"MA Chidambaram Stadium, Chepauk, Chennai",Punjab Kings,Chennai Super Kings,Punjab Kings,field,Punjab Kings,,4.0,win,SS Iyer,129,494,494,494,389.0
1473487,2025,6,Jaipur,2025-05-01,Indian Premier League,50.0,male,T20,T20,20,2025,club,"Sawai Mansingh Stadium, Jaipur",Rajasthan Royals,Mumbai Indians,Rajasthan Royals,field,Mumbai Indians,100.0,,win,RD Rickelton,3,134,134,3,11801.0
1473488,2025,6,Ahmedabad,2025-05-02,Indian Premier League,51.0,male,T20,T20,20,2025,club,"Narendra Modi Stadium, Ahmedabad",Sunrisers Hyderabad,Gujarat Titans,Sunrisers Hyderabad,field,Gujarat Titans,38.0,,win,M Prasidh Krishna,615,2,2,615,2188.0
1473489,2025,6,Bengaluru,2025-05-03,Indian Premier League,52.0,male,T20,T20,20,2025,club,"M Chinnaswamy Stadium, Bengaluru",Chennai Super Kings,Royal Challengers Bangalore,Chennai Super Kings,field,Royal Challengers Bangalore,2.0,,win,R Shepherd,1,129,129,1,6761.0
1473490,2025,6,Kolkata,2025-05-04,Indian Premier League,53.0,male,T20,T20,20,2025,club,"Eden Gardens, Kolkata",Kolkata Knight Riders,Kolkata Knight Riders,Rajasthan Royals,bat,Kolkata Knight Riders,1.0,,win,AD Russell,6,134,6,6,1437.0
1473491,2025,6,Dharamsala,2025-05-04,Indian Premier League,54.0,male,T20,T20,20,2025,club,"Himachal Pradesh Cricket Association Stadium, Dharamsala",Lucknow Super Giants,Punjab Kings,Lucknow Super Giants,field,Punjab Kings,37.0,,win,P Simran Singh,494,614,614,494,3747.0
1473492,2025,6,Hyderabad,2025-05-05,Indian Premier League,55.0,male,T20,T20,20,2025,club,"Rajiv Gandhi International Stadium, Uppal, Hyderabad",Sunrisers Hyderabad,Delhi Capitals,Sunrisers Hyderabad,field,Sunrisers Hyderabad,,,no result,,252,2,2,2,
1473493,2025,6,Mumbai,2025-05-06,Indian Premier League,56.0,male,T20,T20,20,2025,club,"Wankhede Stadium, Mumbai",Gujarat Titans,Mumbai Indians,Gujarat Titans,field,Gujarat Titans,,3.0,win,Shubman Gill,3,615,615,615,1580.0
1473494,2025,6,Kolkata,2025-05-07,Indian Premier League,57.0,male,T20,T20,20,2025,club,"Eden Gardens, Kolkata",Kolkata Knight Riders,Kolkata Knight Riders,Chennai Super Kings,bat,Chennai Super Kings,,2.0,win,Noor Ahmad,6,129,6,129,8809.0
1473495,2025,6,Dharamsala,2025-05-08,Indian Premier League,58.0,male,T20,T20,20,2025,club,"Himachal Pradesh Cricket Association Stadium, Dharamsala",Punjab Kings,Punjab Kings,Delhi Capitals,bat,Delhi Capitals,,,no result,,494,252,494,252,
1473497,2025,6,Jaipur,2025-05-18,Indian Premier League,59.0,male,T20,T20,20,2025,club,"Sawai Mansingh Stadium, Jaipur",Punjab Kings,Punjab Kings,Rajasthan Royals,bat,Punjab Kings,10.0,,win,Harpreet Brar,494,134,494,494,3495.0
1473498,2025,6,Delhi,2025-05-18,Indian Premier League,60.0,male,T20,T20,20,2025,club,"Arun Jaitley Stadium, Delhi",Gujarat Titans,Delhi Capitals,Gujarat Titans,field,Gujarat Titans,,10.0,win,B Sai Sudharsan,252,615,615,615,6999.0
1473499,2025,6,Lucknow,2025-05-19,Indian Premier League,61.0,male,T20,T20,20,2025,club,"Bharat Ratna Shri Atal Bihari Vajpayee Ekana Cricket Stadium, Lucknow",Sunrisers Hyderabad,Lucknow Super Giants,Sunrisers Hyderabad,field,Sunrisers Hyderabad,,6.0,win,Abhishek Sharma,614,2,2,2,2349.0
1473500,2025,6,Delhi,2025-05-20,Indian Premier League,62.0,male,T20,T20,20,2025,club,"Arun Jaitley Stadium, Delhi",Rajasthan Royals,Chennai Super Kings,Rajasthan Royals,field,Rajasthan Royals,,6.0,win,Akash Madhwal,129,134,134,134,9371.0
1473501,2025,6,Mumbai,2025-05-21,Indian Premier League,63.0,male,T20,T20,20,2025,club,"Wankhede Stadium, Mumbai",Delhi Capitals,Mumbai Indians,Delhi Capitals,field,Mumbai Indians,59.0,,win,SA Yadav,3,252,252,3,61.0
1473502,2025,6,Ahmedabad,2025-05-22,Indian Premier League,64.0,male,T20,T20,20,2025,club,"Narendra Modi Stadium, Ahmedabad",Gujarat Titans,Lucknow Super Giants,Gujarat Titans,field,Lucknow Super Giants,33.0,,win,MR Marsh,614,615,615,614,4960.0
1473503,2025,6,Lucknow,2025-05-23,Indian Premier League,65.0,male,T20,T20,20,2025,club,"Bharat Ratna Shri Atal Bihari Vajpayee Ekana Cricket Stadium, Lucknow",Royal Challengers Bangalore,Sunrisers Hyderabad,Royal Challengers Bangalore,field,Sunrisers Hyderabad,42.0,,win,Ishan Kishan,2,1,1,2,347.0
1473504,2025,6,Ahmedabad,2025-05-25,Indian Premier League,67.0,male,T20,T20,20,2025,club,"Narendra Modi Stadium, Ahmedabad",Chennai Super Kings,Chennai Super Kings,Gujarat Titans,bat,Chennai Super Kings,83.0,,win,D Brevis,129,615,129,129,6944.0
1473505,2025,6,Delhi,2025-05-25,Indian Premier League,68.0,male,T20,T20,20,2025,club,"Arun Jaitley Stadium, Delhi",Sunrisers Hyderabad,Sunrisers Hyderabad,Kolkata Knight Riders,bat,Sunrisers Hyderabad,110.0,,win,H Klaasen,2,6,2,2,1740.0
1473506,2025,6,Jaipur,2025-05-26,Indian Premier League,69.0,male,T20,T20,20,2025,club,"Sawai Mansingh Stadium, Jaipur",Punjab Kings,Mumbai Indians,Punjab Kings,field,Punjab Kings,,7.0,win,JP Inglis,3,494,494,494,42220.0
1473507,2025,6,Lucknow,2025-05-27,Indian Premier League,70.0,male,T20,T20,20,2025,club,"Bharat Ratna Shri Atal Bihari Vajpayee Ekana Cricket Stadium, Lucknow",Royal Challengers Bangalore,Lucknow Super Giants,Royal Challengers Bangalore,field,Royal Challengers Bangalore,,6.0,win,JM Sharma,614,1,1,1,6880.0
1473508,2025,6,New Chandigarh,2025-05-29,Indian Premier League,,male,T20,T20,20,2025,club,"Maharaja Yadavindra Singh International Cricket Stadium, Mullanpur",Royal Challengers Bangalore,Punjab Kings,Royal Challengers Bangalore,field,Royal Challengers Bangalore,,8.0,win,Suyash Sharma,494,1,1,1,8475.0
1473509,2025,6,New Chandigarh,2025-05-30,Indian Premier League,,male,T20,T20,20,2025,club,"Maharaja Yadavindra Singh International Cricket Stadium, New Chandigarh",Mumbai Indians,Mumbai Indians,Gujarat Titans,bat,Mumbai Indians,20.0,,win,RG Sharma,3,615,3,3,25.0
1473510,2025,6,Ahmedabad,2025-06-01,Indian Premier League,,male,T20,T20,20,2025,club,"Narendra Modi Stadium, Ahmedabad",Punjab Kings,Mumbai Indians,Punjab Kings,field,Punjab Kings,,5.0,win,SS Iyer,3,494,494,494,389.0
1473511,2025,6,Ahmedabad,2025-06-03,Indian Premier League,,male,T20,T20,20,2025,club,"Narendra Modi Stadium, Ahmedabad",Punjab Kings,Royal Challengers Bangalore,Punjab Kings,field,Royal Challengers Bangalore,6.0,,win,KH Pandya,1,494,494,1,28.0
1485779,2025,6,Jaipur,2025-05-24,Indian Premier League,66.0,male,T20,T20,20,2025,club,"Sawai Mansingh Stadium, Jaipur",Delhi Capitals,Punjab Kings,Delhi Capitals,field,Delhi Capitals,,6.0,win,Sameer Rizvi,494,252,252,252,10070.0
1527674,2026,6,Bengaluru,2026-03-28,Indian Premier League,1.0,male,T20,T20,20,2026,club,"M Chinnaswamy Stadium, Bengaluru",Royal Challengers Bangalore,Sunrisers Hyderabad,Royal Challengers Bangalore,field,Royal Challengers Bangalore,,6.0,win,JA Duffy,2,1,1,1,43967.0
1527675,2026,6,Mumbai,2026-03-29,Indian Premier League,2.0,male,T20,T20,20,2026,club,"Wankhede Stadium, Mumbai",Mumbai Indians,Kolkata Knight Riders,Mumbai Indians,field,Mumbai Indians,,6.0,win,SN Thakur,6,3,3,3,360.0
1527676,2026,6,Guwahati,2026-03-30,Indian Premier League,3.0,male,T20,T20,20,2026,club,"Barsapara Cricket Stadium, Guwahati",Rajasthan Royals,Chennai Super Kings,Rajasthan Royals,field,Rajasthan Royals,,8.0,win,N Burger,129,134,134,134,10135.0
1527677,2026,6,New Chandigarh,2026-03-31,Indian Premier League,4.0,male,T20,T20,20,2026,club,"Maharaja Yadavindra Singh International Cricket Stadium, New Chandigarh",Punjab Kings,Gujarat Titans,Punjab Kings,field,Punjab Kings,,3.0,win,C Connolly,615,494,494,494,44041.0
1527678,2026,6,Lucknow,2026-04-01,Indian Premier League,5.0,male,T20,T20,20,2026,club,"Bharat Ratna Shri Atal Bihari Vajpayee Ekana Cricket Stadium, Lucknow",Delhi Capitals,Lucknow Super Giants,Delhi Capitals,field,Delhi Capitals,,6.0,win,Sameer Rizvi,614,252,252,252,10070.0
1527679,2026,6,Kolkata,2026-04-02,Indian Premier League,6.0,male,T20,T20,20,2026,club,"Eden Gardens, Kolkata",Kolkata Knight Riders,Sunrisers Hyderabad,Kolkata Knight Riders,field,Sunrisers Hyderabad,65.0,,win,Nithish Kumar Reddy,2,6,6,2,9824.0
1527680,2026,6,Chennai,2026-04-03,Indian Premier League,7.0,male,T20,T20,20,2026,club,"MA Chidambaram Stadium, Chepauk, Chennai",Punjab Kings,Chennai Super Kings,Punjab Kings,field,Punjab Kings,,5.0,win,Priyansh Arya,129,494,494,494,11847.0
1527681,2026,6,Delhi,2026-04-04,Indian Premier League,8.0,male,T20,T20,20,2026,club,"Arun Jaitley Stadium, Delhi",Delhi Capitals,Mumbai Indians,Delhi Capitals,field,Delhi Capitals,,6.0,win,Sameer Rizvi,3,252,252,252,10070.0
1527682,2026,6,Ahmedabad,2026-04-04,Indian Premier League,9.0,male,T20,T20,20,2026,club,"Narendra Modi Stadium, Ahmedabad",Rajasthan Royals,Rajasthan Royals,Gujarat Titans,bat,Rajasthan Royals,6.0,,win,Ravi Bishnoi,134,615,134,134,4059.0
1527683,2026,6,Hyderabad,2026-04-05,Indian Premier League,10.0,male,T20,T20,20,2026,club,"Rajiv Gandhi International Stadium, Uppal, Hyderabad",Lucknow Super Giants,Sunrisers Hyderabad,Lucknow Super Giants,field,Lucknow Super Giants,,5.0,win,Mohammed Shami,2,614,614,614,460.0
1527684,2026,6,Bengaluru,2026-04-05,Indian Premier League,11.0,male,T20,T20,20,2026,club,"M Chinnaswamy Stadium, Bengaluru",Chennai Super Kings,Royal Challengers Bangalore,Chennai Super Kings,field,Royal Challengers Bangalore,43.0,,win,TH David,1,129,129,1,6550.0
1527685,2026,6,Kolkata,2026-04-06,Indian Premier League,12.0,male,T20,T20,20,2026,club,"Eden Gardens, Kolkata",Kolkata Knight Riders,Kolkata Knight Riders,Punjab Kings,bat,Punjab Kings,,,no result,,6,494,6,494,
1527686,2026,6,Guwahati,2026-04-07,Indian Premier League,13.0,male,T20,T20,20,2026,club,"Barsapara Cricket Stadium, Guwahati",Mumbai Indians,Rajasthan Royals,Mumbai Indians,field,Rajasthan Royals,27.0,,win,YBK Jaiswal,134,3,3,134,4104.0
1527687,2026,6,Delhi,2026-04-08,Indian Premier League,14.0,male,T20,T20,20,2026,club,"Arun Jaitley Stadium, Delhi",Delhi Capitals,Gujarat Titans,Delhi Capitals,field,Gujarat Titans,1.0,,win,Rashid Khan,615,252,252,615,22.0
1527688,2026,6,Kolkata,2026-04-09,Indian Premier League,15.0,male,T20,T20,20,2026,club,"Eden Gardens, Kolkata",Lucknow Super Giants,Kolkata Knight Riders,Lucknow Super Giants,field,Lucknow Super Giants,,3.0,win,MD Choudhary,6,614,614,614,44056.0
1527689,2026,6,Guwahati,2026-04-10,Indian Premier League,16.0,male,T20,T20,20,2026,club,"Barsapara Cricket Stadium, Guwahati",Rajasthan Royals,Royal Challengers Bangalore,Rajasthan Royals,field,Rajasthan Royals,,6.0,win,V Suryavanshi,1,134,134,134,42566.0
1527690,2026,6,New Chandigarh,2026-04-11,Indian Premier League,17.0,male,T20,T20,20,2026,club,"Maharaja Yadavindra Singh International Cricket Stadium, New Chandigarh",Punjab Kings,Sunrisers Hyderabad,Punjab Kings,field,Punjab Kings,,6.0,win,SS Iyer,2,494,494,494,389.0
1527691,2026,6,Chennai,2026-04-11,Indian Premier League,18.0,male,T20,T20,20,2026,club,"MA Chidambaram Stadium, Chepauk, Chennai",Delhi Capitals,Chennai Super Kings,Delhi Capitals,field,Chennai Super Kings,23.0,,win,SV Samson,129,252,252,129,180.0
1527692,2026,6,Lucknow,2026-04-12,Indian Premier League,19.0,male,T20,T20,20,2026,club,"Bharat Ratna Shri Atal Bihari Vajpayee Ekana Cricket Stadium, Lucknow",Gujarat Titans,Lucknow Super Giants,Gujarat Titans,field,Gujarat Titans,,7.0,win,M Prasidh Krishna,614,615,615,615,2188.0
1527693,2026,6,Mumbai,2026-04-12,Indian Premier League,20.0,male,T20,T20,20,2026,club,"Wankhede Stadium, Mumbai",Mumbai Indians,Royal Challengers Bangalore,Mumbai Indians,field,Royal Challengers Bangalore,18.0,,win,PD Salt,1,3,3,1,8945.0
1529264,2026,6,Hyderabad,2026-04-13,Indian Premier League,21.0,male,T20,T20,20,2026,club,"Rajiv Gandhi International Stadium, Uppal, Hyderabad",Rajasthan Royals,Sunrisers Hyderabad,Rajasthan Royals,field,Sunrisers Hyderabad,57.0,,win,PP Hinge,2,134,134,2,44775.0
1529265,2026,6,Chennai,2026-04-14,Indian Premier League,22.0,male,T20,T20,20,2026,club,"MA Chidambaram Stadium, Chepauk, Chennai",Kolkata Knight Riders,Chennai Super Kings,Kolkata Knight Riders,field,Chennai Super Kings,32.0,,win,Noor Ahmad,129,6,6,129,8809.0
1529266,2026,6,Bengaluru,2026-04-15,Indian Premier League,23.0,male,T20,T20,20,2026,club,"M Chinnaswamy Stadium, Bengaluru",Royal Challengers Bangalore,Lucknow Super Giants,Royal Challengers Bangalore,field,Royal Challengers Bangalore,,5.0,win,JR Hazlewood,614,1,1,1,4664.0
1529267,2026,6,Mumbai,2026-04-16,Indian Premier League,24.0,male,T20,T20,20,2026,club,"Wankhede Stadium, Mumbai",Punjab Kings,Mumbai Indians,Punjab Kings,field,Punjab Kings,,7.0,win,Arshdeep Singh,3,494,494,494,3388.0
1529268,2026,6,Ahmedabad,2026-04-17,Indian Premier League,25.0,male,T20,T20,20,2026,club,"Narendra Modi Stadium, Ahmedabad",Kolkata Knight Riders,Kolkata Knight Riders,Gujarat Titans,bat,Gujarat Titans,,5.0,win,Shubman Gill,6,615,6,615,1580.0
1529269,2026,6,Bengaluru,2026-04-18,Indian Premier League,26.0,male,T20,T20,20,2026,club,"M Chinnaswamy Stadium, Bengaluru",Delhi Capitals,Royal Challengers Bangalore,Delhi Capitals,field,Delhi Capitals,,6.0,win,T Stubbs,1,252,252,252,7947.0
1529270,2026,6,Hyderabad,2026-04-18,Indian Premier League,27.0,male,T20,T20,20,2026,club,"Rajiv Gandhi International Stadium, Uppal, Hyderabad",Chennai Super Kings,Sunrisers Hyderabad,Chennai Super Kings,field,Sunrisers Hyderabad,10.0,,win,E Malinga,2,129,129,2,42133.0
1529271,2026,6,Kolkata,2026-04-19,Indian Premier League,28.0,male,T20,T20,20,2026,club,"Eden Gardens, Kolkata",Rajasthan Royals,Rajasthan Royals,Kolkata Knight Riders,bat,Kolkata Knight Riders,,4.0,win,CV Varun,134,6,134,6,2825.0
1529272,2026,6,New Chandigarh,2026-04-19,Indian Premier League,29.0,male,T20,T20,20,2026,club,"Maharaja Yadavindra Singh International Cricket Stadium, New Chandigarh",Lucknow Super Giants,Punjab Kings,Lucknow Super Giants,field,Punjab Kings,54.0,,win,Priyansh Arya,494,614,614,494,11847.0
1529273,2026,6,Ahmedabad,2026-04-20,Indian Premier League,30.0,male,T20,T20,20,2026,club,"Narendra Modi Stadium, Ahmedabad",Gujarat Titans,Mumbai Indians,Gujarat Titans,field,Mumbai Indians,99.0,,win,Tilak Varma,3,615,615,3,6681.0
1529274,2026,6,Hyderabad,2026-04-21,Indian Premier League,31.0,male,T20,T20,20,2026,club,"Rajiv Gandhi International Stadium, Uppal, Hyderabad",Delhi Capitals,Sunrisers Hyderabad,Delhi Capitals,field,Sunrisers Hyderabad,47.0,,win,Abhishek Sharma,2,252,252,2,2349.0
1529275,2026,6,Lucknow,2026-04-22,Indian Premier League,32.0,male,T20,T20,20,2026,club,"Bharat Ratna Shri Atal Bihari Vajpayee Ekana Cricket Stadium, Lucknow",Lucknow Super Giants,Rajasthan Royals,Lucknow Super Giants,field,Rajasthan Royals,40.0,,win,RA Jadeja,134,614,614,134,348.0
1529276,2026,6,Mumbai,2026-04-23,Indian Premier League,33.0,male,T20,T20,20,2026,club,"Wankhede Stadium, Mumbai",Mumbai Indians,Chennai Super Kings,Mumbai Indians,field,Chennai Super Kings,103.0,,win,SV Samson,129,3,3,129,180.0
1529277,2026,6,Bengaluru,2026-04-24,Indian Premier League,34.0,male,T20,T20,20,2026,club,"M Chinnaswamy Stadium, Bengaluru",Royal Challengers Bangalore,Gujarat Titans,Royal Challengers Bangalore,field,Royal Challengers Bangalore,,5.0,win,V Kohli,615,1,1,1,332.0
1529278,2026,6,Delhi,2026-04-25,Indian Premier League,35.0,male,T20,T20,20,2026,club,"Arun Jaitley Stadium, Delhi",Delhi Capitals,Delhi Capitals,Punjab Kings,bat,Punjab Kings,,6.0,win,KL Rahul,252,494,252,494,1409.0
1529279,2026,6,Jaipur,2026-04-25,Indian Premier League,36.0,male,T20,T20,20,2026,club,"Sawai Mansingh Stadium, Jaipur",Sunrisers Hyderabad,Rajasthan Royals,Sunrisers Hyderabad,field,Sunrisers Hyderabad,,5.0,win,Ishan Kishan,134,2,2,2,347.0
1529280,2026,6,Chennai,2026-04-26,Indian Premier League,37.0,male,T20,T20,20,2026,club,"MA Chidambaram Stadium, Chepauk, Chennai",Gujarat Titans,Chennai Super Kings,Gujarat Titans,field,Gujarat Titans,,8.0,win,K Rabada,129,615,615,615,590.0
1529281,2026,6,Lucknow,2026-04-26,Indian Premier League,38.0,male,T20,T20,20,2026,club,"Bharat Ratna Shri Atal Bihari Vajpayee Ekana Cricket Stadium, Lucknow",Lucknow Super Giants,Kolkata Knight Riders,Lucknow Super Giants,field,Lucknow Super Giants,,,tie,RK Singh,6,614,614,614,1436.0
1529282,2026,6,Delhi,2026-04-27,Indian Premier League,39.0,male,T20,T20,20,2026,club,"Arun Jaitley Stadium, Delhi",Royal Challengers Bangalore,Delhi Capitals,Royal Challengers Bangalore,field,Royal Challengers Bangalore,,9.0,win,JR Hazlewood,252,1,1,1,4664.0
1529283,2026,6,New Chandigarh,2026-04-28,Indian Premier League,40.0,male,T20,T20,20,2026,club,"Maharaja Yadavindra Singh International Cricket Stadium, New Chandigarh",Rajasthan Royals,Punjab Kings,Rajasthan Royals,field,Rajasthan Royals,,6.0,win,D Ferreira,494,134,134,134,11389.0
1529284,2026,6,Mumbai,2026-04-29,Indian Premier League,41.0,male,T20,T20,20,2026,club,"Wankhede Stadium, Mumbai",Mumbai Indians,Mumbai Indians,Sunrisers Hyderabad,bat,Sunrisers Hyderabad,,6.0,win,H Klaasen,3,2,3,2,1740.0
1529285,2026,6,Ahmedabad,2026-04-30,Indian Premier League,42.0,male,T20,T20,20,2026,club,"Narendra Modi Stadium, Ahmedabad",Gujarat Titans,Royal Challengers Bangalore,Gujarat Titans,field,Gujarat Titans,,4.0,win,JO Holder,1,615,615,615,4098.0
1529286,2026,6,Jaipur,2026-05-01,Indian Premier League,43.0,male,T20,T20,20,2026,club,"Sawai Mansingh Stadium, Jaipur",Rajasthan Royals,Rajasthan Royals,Delhi Capitals,bat,Delhi Capitals,,7.0,win,KL Rahul,134,252,134,252,1409.0
